disease_id,gene,disease_name,omim_id,inheritance,phenotype_concern_list
D0171,CYP17A1,"17-alpha-hydroxylase/17,20-lyase deficiency",OMIM:202110,AR,growth / weight concern; musculoskeletal concern; renal / urinary concern; skin concern
D0008,ACADSB,2-methylbutyrylglycinuria,OMIM:610006,AR,developmental delay concern; renal / urinary concern; respiratory concern; seizure-like event concern; vision / ocular tracking concern
D0311,HIBCH,3-hydroxyisobutryl-CoA hydrolase deficiency,OMIM:250620,AR,developmental delay concern; developmental regression concern; feeding / swallowing concern; gait / coordination concern; gastrointestinal concern; growth / weight concern; renal / urinary concern; respiratory / cardiopulmonary concern; seizure-like event concern; vision / ocular tracking concern
D0391,MCCC1,3-Methylcrotonyl-CoA carboxylase 1 deficiency,OMIM:210200,AR,developmental delay concern; feeding / swallowing concern; gastrointestinal concern; growth / weight concern; language / cognitive concern; renal / urinary concern; respiratory concern; seizure-like event concern
D0392,MCCC2,3-Methylcrotonyl-CoA carboxylase 2 deficiency,OMIM:210210,AR,developmental delay concern; feeding / swallowing concern; gastrointestinal concern; growth / weight concern; language / cognitive concern; recurrent / unusual infection concern; renal / urinary concern; seizure-like event concern; skin concern
D0558,SERAC1,"3-methylglutaconic aciduria with deafness, encephalopathy, and Leigh-like syndrome",OMIM:614739,AR,developmental delay concern; developmental regression concern; feeding / swallowing concern; gait / coordination concern; gastrointestinal concern; growth / weight concern; hearing concern; language / cognitive concern; recurrent / unusual infection concern; renal / urinary concern; seizure-like event concern
D0067,AUH,"3-methylglutaconic aciduria, type I",OMIM:250950,AR,developmental delay concern; gait / coordination concern; growth / weight concern; language / cognitive concern; renal / urinary concern; seizure-like event concern; social interaction / behavioral concern
D0202,DNAJC19,"3-methylglutaconic aciduria, type V",OMIM:610198,AR,developmental delay concern; gait / coordination concern; gastrointestinal concern; growth / weight concern; hematologic / bleeding concern; language / cognitive concern; motor weakness concern; renal / urinary concern; respiratory / cardiopulmonary concern; seizure-like event concern
D0144,CLPB,"3-methylglutaconic aciduria, type VIIA, autosomal dominant",OMIM:619835,AD,developmental delay concern; developmental regression concern; feeding / swallowing concern; gait / coordination concern; gastrointestinal concern; growth / weight concern; hematologic / bleeding concern; language / cognitive concern; musculoskeletal concern; recurrent / unusual infection concern; renal / urinary concern; respiratory concern; seizure-like event concern; vision / ocular tracking concern
D0145,CLPB,"3-methylglutaconic aciduria, type VIIB, autosomal recessive",OMIM:616271,AR,developmental delay concern; gastrointestinal concern; renal / urinary concern; seizure-like event concern
D0415,MTTP,Abetalipoproteinemia,OMIM:200100,AR,gait / coordination concern; gastrointestinal concern
D0001,AAAS,Achalasia-addisonianism-alacrimia syndrome,OMIM:231550,AR,developmental delay concern; gait / coordination concern; gastrointestinal concern; growth / weight concern; language / cognitive concern; motor weakness concern; skin concern
D0252,FGFR3,Achondroplasia,OMIM:100800,AD,developmental delay concern; feeding / swallowing concern; gastrointestinal concern; growth / weight concern; hearing concern; musculoskeletal concern; recurrent / unusual infection concern; respiratory concern
D0587,SLC39A4,Acrodermatitis enteropathica,OMIM:201100,AR,gait / coordination concern; gastrointestinal concern; growth / weight concern; recurrent / unusual infection concern; skin concern; social interaction / behavioral concern
D0007,ACADS,"Acyl-CoA dehydrogenase, short-chain, deficiency of",OMIM:201470,AR,developmental delay concern; feeding / swallowing concern; gait / coordination concern; gastrointestinal concern; growth / weight concern; language / cognitive concern; musculoskeletal concern; renal / urinary concern; respiratory / cardiopulmonary concern; seizure-like event concern; vision / ocular tracking concern
D0051,APRT,Adenine phosphoribosyltransferase deficiency,OMIM:614723,AR,gastrointestinal concern; musculoskeletal concern; renal / urinary concern
D0023,ADSL,Adenylosuccinase deficiency,OMIM:103050,AR,developmental delay concern; gait / coordination concern; growth / weight concern; language / cognitive concern; renal / urinary concern; seizure-like event concern; social interaction / behavioral concern; vision / ocular tracking concern
D0326,HSD3B2,"Adrenal hyperplasia, congenital, due to 3-beta-hydroxysteroid dehydrogenase 2 deficiency",OMIM:201810,AR,renal / urinary concern
D0439,NR0B1,"Adrenal hypoplasia, congenital",OMIM:300200,XLR,growth / weight concern; renal / urinary concern; skin concern
D0169,CYP11A1,"Adrenal insufficiency, congenital, with 46XY sex reversal, partial or complete",OMIM:613743,AR,renal / urinary concern; skin concern
D0625,TBX19,Adrenocorticotropic hormone deficiency,OMIM:201400,AR,gastrointestinal concern; seizure-like event concern; skin concern
D0003,ABCD1,Adrenoleukodystrophy,OMIM:300100,XLR,gait / coordination concern; gastrointestinal concern; hearing concern; language / cognitive concern; motor weakness concern; renal / urinary concern; seizure-like event concern; skin concern; social interaction / behavioral concern; vision / ocular tracking concern
D0249,FGA,"Afibrinogenemia, congenital",OMIM:202400,AR,gastrointestinal concern; hematologic / bleeding concern; skin concern
D0250,FGB,"Afibrinogenemia, congenital",OMIM:202400,AR,gastrointestinal concern; hematologic / bleeding concern; skin concern
D0253,FGG,"Afibrinogenemia, congenital",OMIM:202400,AR,gastrointestinal concern; hematologic / bleeding concern; skin concern
D0334,IGHM,Agammaglobulinemia 1,OMIM:601495,AR,recurrent / unusual infection concern; respiratory concern
D0335,IGLL1,Agammaglobulinemia 2,OMIM:613500,AR,growth / weight concern
D0111,CD79A,Agammaglobulinemia 3,OMIM:613501,AR,gastrointestinal concern; growth / weight concern; recurrent / unusual infection concern; respiratory concern
D0076,BLNK,Agammaglobulinemia 4,OMIM:613502,AR,gastrointestinal concern; recurrent / unusual infection concern; respiratory concern
D0112,CD79B,Agammaglobulinemia 6,OMIM:612692,AR,gastrointestinal concern; recurrent / unusual infection concern; respiratory concern
D0487,PIK3R1,Agammaglobulinemia 7,OMIM:615214,AR,recurrent / unusual infection concern; respiratory concern; skin concern
D0568,SLC16A2,Allan-Herndon-Dudley syndrome,OMIM:300523,XLR,developmental delay concern; feeding / swallowing concern; gait / coordination concern; gastrointestinal concern; language / cognitive concern; musculoskeletal concern; vision / ocular tracking concern
D0010,ACAT1,Alpha-methylacetoacetic aciduria,OMIM:203750,AR,developmental delay concern; gastrointestinal concern; language / cognitive concern; renal / urinary concern
D0668,COL4A3,"Alport syndrome 3B, autosomal recessive",OMIM:620536,AR,renal / urinary concern
D0669,COL4A4,"Alport syndrome 2, autosomal recessive",OMIM:203780,AR,renal / urinary concern
D0670,COL4A5,"Alport syndrome 1, X-linked",OMIM:301050,XLD,renal / urinary concern
D0322,HSD11B2,Apparent mineralocorticoid excess,OMIM:218030,AR,growth / weight concern
D0356,KAT6A,Arboleda-Tham syndrome,OMIM:616268,AD,developmental delay concern; feeding / swallowing concern; gait / coordination concern; gastrointestinal concern; growth / weight concern; language / cognitive concern; musculoskeletal concern; recurrent / unusual infection concern; renal / urinary concern; respiratory / cardiopulmonary concern; respiratory concern; seizure-like event concern; skin concern; social interaction / behavioral concern; vision / ocular tracking concern
D0054,ARG1,Argininemia,OMIM:207800,AR,developmental delay concern; gait / coordination concern; gastrointestinal concern; growth / weight concern; language / cognitive concern; renal / urinary concern; seizure-like event concern; social interaction / behavioral concern
D0060,ASL,Argininosuccinic aciduria,OMIM:207900,AR,developmental delay concern; feeding / swallowing concern; gait / coordination concern; gastrointestinal concern; growth / weight concern; language / cognitive concern; renal / urinary concern; seizure-like event concern; skin concern
D0178,DDC,Aromatic amino acid decarboxylase deficiency,OMIM:608643,AR,developmental delay concern; feeding / swallowing concern; gastrointestinal concern; renal / urinary concern; respiratory concern; skin concern; social interaction / behavioral concern
D0224,ENPP1,"Arterial calcification, generalized, of infancy, 1",OMIM:208000,AR,growth / weight concern; musculoskeletal concern; renal / urinary concern; respiratory / cardiopulmonary concern; respiratory concern
D0544,SAMD9L,Ataxia pancytopenia syndrome,OMIM:159550,AD,gait / coordination concern; hematologic / bleeding concern; language / cognitive concern; vision / ocular tracking concern
D0650,TTPA,Ataxia with vitamin E deficiency,OMIM:277460,AR,gait / coordination concern; language / cognitive concern; skin concern
D0630,TF,Atransferrinemia,OMIM:209300,AR,gastrointestinal concern; hematologic / bleeding concern
D0431,NKX2-5,Atrial septal defect with atrioventricular conduction defects,OMIM:108900,AD,respiratory / cardiopulmonary concern; respiratory concern
D0448,OTOF,"Auditory neuropathy, autosomal recessive, 1",OMIM:601071,AR,hearing concern
D0030,AIRE,"Autoimmune polyendocrinopathy syndrome, type I, with or without reversible metaphyseal dysplasia",OMIM:240300,AR,gastrointestinal concern; recurrent / unusual infection concern; renal / urinary concern; respiratory concern; seizure-like event concern; skin concern; vision / ocular tracking concern
D0345,INS,"Autosomal dominant diabetes mellitus, permanent neonatal 4",OMIM:618858,AR,growth / weight concern
D0062,ASXL3,Bainbridge-Ropers syndrome,OMIM:615485,AD,developmental delay concern; feeding / swallowing concern; gait / coordination concern; gastrointestinal concern; growth / weight concern; language / cognitive concern; musculoskeletal concern; recurrent / unusual infection concern; respiratory concern; seizure-like event concern; skin concern; social interaction / behavioral concern; vision / ocular tracking concern
D0255,FOXE1,Bamforth-Lazarus syndrome,OMIM:241850,AR,developmental delay concern; feeding / swallowing concern; gastrointestinal concern; musculoskeletal concern; recurrent / unusual infection concern; respiratory concern
D0014,ACTB,Baraitser-Winter syndrome 1,OMIM:243310,AD,developmental delay concern; growth / weight concern; hearing concern; language / cognitive concern; musculoskeletal concern; respiratory / cardiopulmonary concern; seizure-like event concern; skin concern
D0015,ACTG1,Baraitser-Winter syndrome 2,OMIM:614583,AD,developmental delay concern; growth / weight concern; hearing concern; language / cognitive concern; seizure-like event concern; skin concern
D0142,CIITA,"Bare lymphocyte syndrome, type II, complementation group A",OMIM:209920,AR,gastrointestinal concern; growth / weight concern; recurrent / unusual infection concern; renal / urinary concern; respiratory concern; skin concern
D0522,RFXANK,"Bare lymphocyte syndrome, type II, complementation group B",OMIM:620815,AR,developmental delay concern; gastrointestinal concern; growth / weight concern; hematologic / bleeding concern; recurrent / unusual infection concern; respiratory concern; skin concern
D0521,RFX5,"Bare lymphocyte syndrome, type II, complementation group C",OMIM:620816,AR,gastrointestinal concern; growth / weight concern; musculoskeletal concern; recurrent / unusual infection concern; respiratory concern; skin concern
D0523,RFXAP,"Bare lymphocyte syndrome, type II, complementation group D",OMIM:620817,AR,developmental delay concern; gait / coordination concern; gastrointestinal concern; growth / weight concern; motor weakness concern; recurrent / unusual infection concern; respiratory concern
D0622,TAFAZZIN,Barth syndrome,OMIM:302060,XLR,developmental delay concern; fatigability / low stamina concern; gait / coordination concern; growth / weight concern; hematologic / bleeding concern; motor weakness concern; recurrent / unusual infection concern; renal / urinary concern; respiratory / cardiopulmonary concern; respiratory concern; skin concern
D0567,SLC12A1,"Bartter syndrome, type 1",OMIM:601678,AR,developmental delay concern; gastrointestinal concern; growth / weight concern; language / cognitive concern; motor weakness concern; renal / urinary concern; seizure-like event concern; systemic red flag concern
D0358,KCNJ1,"Bartter syndrome, type 2",OMIM:241200,AR,developmental delay concern; gastrointestinal concern; growth / weight concern; language / cognitive concern; motor weakness concern; renal / urinary concern; seizure-like event concern; social interaction / behavioral concern; systemic red flag concern
D0385,MAGED2,"Bartter syndrome, type 5, antenatal, transient",OMIM:300971,XLR,renal / urinary concern
D0188,DMD,Becker muscular dystrophy,OMIM:300376,XLR,motor weakness concern; musculoskeletal concern; respiratory / cardiopulmonary concern
D0293,GP1BA,"Bernard-Soulier syndrome, type A1 (recessive)",OMIM:231200,AR,gastrointestinal concern; hematologic / bleeding concern; skin concern
D0294,GP1BB,"Bernard-Soulier syndrome, type B",OMIM:231200,AR,gastrointestinal concern; hematologic / bleeding concern; skin concern
D0295,GP9,"Bernard-Soulier syndrome, type C",OMIM:231200,AR,gastrointestinal concern; hematologic / bleeding concern; skin concern
D0305,HBB,Beta Thalassemia,OMIM:613985,AR,hematologic / bleeding concern
D0071,BAAT,Bile acid conjugation defect 1,OMIM:619232,AR,gastrointestinal concern; skin concern
D0327,HSD3B7,"Bile acid synthesis defect, congenital, 1",OMIM:607765,AR,gastrointestinal concern; growth / weight concern; recurrent / unusual infection concern; skin concern
D0032,AKR1D1,"Bile acid synthesis defect, congenital, 2",OMIM:235555,AR,gastrointestinal concern; growth / weight concern; skin concern
D0175,CYP7B1,"Bile acid synthesis defect, congenital, 3",OMIM:613812,AR,gastrointestinal concern; growth / weight concern; hematologic / bleeding concern; recurrent / unusual infection concern; skin concern
D0042,AMACR,"Bile acid synthesis defect, congenital, 4",OMIM:214950,AR,gastrointestinal concern; growth / weight concern; hematologic / bleeding concern; recurrent / unusual infection concern; skin concern
D0078,BTD,Biotinidase deficiency,OMIM:253260,AR,developmental delay concern; feeding / swallowing concern; gait / coordination concern; gastrointestinal concern; hearing concern; recurrent / unusual infection concern; renal / urinary concern; respiratory concern; seizure-like event concern; skin concern; vision / ocular tracking concern
D0203,DNAJC21,Bone marrow failure syndrome 3,OMIM:617052,AR,developmental delay concern; feeding / swallowing concern; gastrointestinal concern; growth / weight concern; hearing concern; hematologic / bleeding concern; musculoskeletal concern; recurrent / unusual infection concern; skin concern; social interaction / behavioral concern
D0074,BCKDK,Branched-chain ketoacid dehydrogenase kinase deficiency,OMIM:614923,AR,developmental delay concern; developmental regression concern; feeding / swallowing concern; gait / coordination concern; gastrointestinal concern; hearing concern; language / cognitive concern; recurrent / unusual infection concern; renal / urinary concern; seizure-like event concern; skin concern; social interaction / behavioral concern
D0593,SLC52A3,Brown-Vialetto-Van Laere syndrome 1,OMIM:211530,AR,feeding / swallowing concern; gait / coordination concern; gastrointestinal concern; hearing concern; motor weakness concern; recurrent / unusual infection concern; respiratory concern; vision / ocular tracking concern
D0592,SLC52A2,Brown-Vialetto-Van Laere syndrome 2,OMIM:614707,AR,feeding / swallowing concern; gait / coordination concern; gastrointestinal concern; hearing concern; motor weakness concern; musculoskeletal concern; renal / urinary concern; respiratory concern; social interaction / behavioral concern; vision / ocular tracking concern
D0080,C2,C2 deficiency,OMIM:217000,AR,hematologic / bleeding concern; recurrent / unusual infection concern; skin concern
D0081,C3,C3 deficiency,OMIM:613779,AR,recurrent / unusual infection concern; renal / urinary concern; respiratory concern; systemic red flag concern
D0082,C5,C5 deficiency,OMIM:609536,AR,gastrointestinal concern; recurrent / unusual infection concern; skin concern
D0083,C6,C6 deficiency,OMIM:612446,AR,recurrent / unusual infection concern
D0084,C7,C7 deficiency,OMIM:610102,AR,recurrent / unusual infection concern
D0085,C8A,"C8 deficiency, type I",OMIM:613790,AR,recurrent / unusual infection concern
D0086,C8B,"C8 deficiency, type II",OMIM:613789,AR,recurrent / unusual infection concern
D0087,C9,C9 deficiency,OMIM:613825,AR,recurrent / unusual infection concern
D0156,CPS1,Carbamoyl phosphate synthetase I deficiency,OMIM:237300,AR,developmental delay concern; gait / coordination concern; gastrointestinal concern; growth / weight concern; language / cognitive concern; seizure-like event concern
D0640,TRDN,"Cardiac arrhythmia syndrome, with or without skeletal muscle weakness",OMIM:615441,AR,motor weakness concern; respiratory / cardiopulmonary concern
D0157,CPT1A,Carnitine palmitoyltransferase I deficiency,OMIM:255120,AR,developmental delay concern; feeding / swallowing concern; gastrointestinal concern; motor weakness concern; renal / urinary concern; respiratory / cardiopulmonary concern; seizure-like event concern
D0158,CPT2,"Carnitine palmitoyltransferase II deficiency, infantile",OMIM:600649,AR,gastrointestinal concern; respiratory / cardiopulmonary concern; respiratory concern; seizure-like event concern
D0577,SLC25A20,Carnitine-acylcarnitine translocase deficiency,OMIM:212138,AR,gastrointestinal concern; motor weakness concern; renal / urinary concern; respiratory / cardiopulmonary concern; respiratory concern; seizure-like event concern
D0271,GAMT,Cerebral creatine deficiency syndrome 2,OMIM:612736,AR,developmental delay concern; developmental regression concern; gait / coordination concern; gastrointestinal concern; language / cognitive concern; renal / urinary concern; seizure-like event concern; social interaction / behavioral concern
D0274,GATM,Cerebral creatine deficiency syndrome 3,OMIM:612718,AR,developmental delay concern; growth / weight concern; language / cognitive concern; motor weakness concern; renal / urinary concern; seizure-like event concern; social interaction / behavioral concern
D0172,CYP27A1,Cerebrotendinous xanthomatosis,OMIM:213700,AR,developmental delay concern; feeding / swallowing concern; gait / coordination concern; gastrointestinal concern; language / cognitive concern; motor weakness concern; renal / urinary concern; respiratory concern; seizure-like event concern; skin concern
D0639,TPP1,"Ceroid lipofuscinosis, neuronal, 2",OMIM:204500,AR,developmental delay concern; developmental regression concern; gait / coordination concern; language / cognitive concern; seizure-like event concern; vision / ocular tracking concern
D0130,CHD7,CHARGE syndrome,OMIM:214800,AD,developmental delay concern; feeding / swallowing concern; gastrointestinal concern; growth / weight concern; hearing concern; language / cognitive concern; motor weakness concern; musculoskeletal concern; renal / urinary concern; respiratory / cardiopulmonary concern; respiratory concern; skin concern; social interaction / behavioral concern
D0384,LYST,Chediak-Higashi Syndrome,OMIM:214500,AR,developmental delay concern; gait / coordination concern; gastrointestinal concern; hematologic / bleeding concern; language / cognitive concern; motor weakness concern; recurrent / unusual infection concern; seizure-like event concern; skin concern; social interaction / behavioral concern; vision / ocular tracking concern
D0377,LIPA,Cholesteryl ester storage disease,OMIM:278000,AR,gastrointestinal concern; growth / weight concern; hematologic / bleeding concern
D0430,NKX2-1,"Choreoathetosis, hypothyroidism, and neonatal respiratory distress",OMIM:610978,AD,developmental delay concern; gait / coordination concern; language / cognitive concern; recurrent / unusual infection concern; respiratory / cardiopulmonary concern; respiratory concern
D0424,NCF4,Chronic granulomatous disease 2,OMIM:613960,AR,gastrointestinal concern; musculoskeletal concern; recurrent / unusual infection concern; respiratory concern; skin concern
D0423,NCF2,Chronic granulomatous disease 3,OMIM:233710,AR,gastrointestinal concern; growth / weight concern; musculoskeletal concern; recurrent / unusual infection concern; renal / urinary concern; respiratory concern; skin concern
D0166,CYBA,Chronic granulomatous disease 4,OMIM:233690,AR,gastrointestinal concern; musculoskeletal concern; recurrent / unusual infection concern; respiratory concern; skin concern
D0168,CYBC1,Chronic granulomatous disease 5,OMIM:618935,AR,gastrointestinal concern; growth / weight concern; hematologic / bleeding concern; recurrent / unusual infection concern; renal / urinary concern; respiratory concern; skin concern; systemic red flag concern
D0167,CYBB,Chronic granulomatous disease x-linked,OMIM:306400,XLR,gastrointestinal concern; musculoskeletal concern; recurrent / unusual infection concern; respiratory concern; skin concern; systemic red flag concern
D0486,PHIP,Chung-Jansen syndrome,OMIM:617991,AD,developmental delay concern; feeding / swallowing concern; gastrointestinal concern; growth / weight concern; language / cognitive concern; musculoskeletal concern; respiratory concern; skin concern; social interaction / behavioral concern; vision / ocular tracking concern
D0545,SAR1B,Chylomicron retention disease,OMIM:246700,AR,developmental delay concern; gastrointestinal concern; growth / weight concern; language / cognitive concern
D0200,DNAI1,"Ciliary dyskinesia, primary, 1",OMIM:244400,AR,gastrointestinal concern; hearing concern; recurrent / unusual infection concern; respiratory / cardiopulmonary concern; respiratory concern
D0192,DNAAF2,"Ciliary dyskinesia, primary, 10",OMIM:612518,AR,recurrent / unusual infection concern; respiratory / cardiopulmonary concern; respiratory concern
D0541,RSPH4A,"Ciliary dyskinesia, primary, 11",OMIM:612649,AR,fatigability / low stamina concern; growth / weight concern; recurrent / unusual infection concern; respiratory concern
D0542,RSPH9,"Ciliary dyskinesia, primary, 12",OMIM:612650,AR,fatigability / low stamina concern; growth / weight concern; recurrent / unusual infection concern; respiratory / cardiopulmonary concern; respiratory concern
D0190,DNAAF1,"Ciliary dyskinesia, primary, 13",OMIM:613193,AR,recurrent / unusual infection concern; respiratory / cardiopulmonary concern; respiratory concern
D0100,CCDC39,"Ciliary dyskinesia, primary, 14",OMIM:613807,AR,gastrointestinal concern; recurrent / unusual infection concern; respiratory / cardiopulmonary concern; respiratory concern
D0101,CCDC40,"Ciliary dyskinesia, primary, 15",OMIM:613808,AR,recurrent / unusual infection concern; respiratory / cardiopulmonary concern; respiratory concern
D0204,DNAL1,"Ciliary dyskinesia, primary, 16",OMIM:614017,AR,recurrent / unusual infection concern; respiratory / cardiopulmonary concern; respiratory concern
D0099,DNAAF19,"Ciliary dyskinesia, primary, 17",OMIM:614679,AR,recurrent / unusual infection concern; respiratory / cardiopulmonary concern; respiratory concern
D0195,DNAAF5,"Ciliary dyskinesia, primary, 18",OMIM:614874,AR,gastrointestinal concern; recurrent / unusual infection concern; respiratory / cardiopulmonary concern; respiratory concern
D0191,DNAAF11,"Ciliary dyskinesia, primary, 19",OMIM:614935,AR,recurrent / unusual infection concern; respiratory / cardiopulmonary concern; respiratory concern
D0193,DNAAF3,"Ciliary dyskinesia, primary, 2",OMIM:606763,AR,hearing concern; recurrent / unusual infection concern; respiratory / cardiopulmonary concern; respiratory concern
D0443,ODAD1,"Ciliary dyskinesia, primary, 20",OMIM:615067,AR,recurrent / unusual infection concern; respiratory / cardiopulmonary concern; respiratory concern
D0210,DRC1,"Ciliary dyskinesia, primary, 21",OMIM:615294,AR,recurrent / unusual infection concern; respiratory concern
D0667,ZMYND10,"Ciliary dyskinesia, primary, 22",OMIM:615444,AR,recurrent / unusual infection concern; respiratory / cardiopulmonary concern; respiratory concern
D0444,ODAD2,"Ciliary dyskinesia, primary, 23",OMIM:615451,AR,recurrent / unusual infection concern; respiratory / cardiopulmonary concern; respiratory concern
D0539,RSPH1,"Ciliary dyskinesia, primary, 24",OMIM:615481,AR,recurrent / unusual infection concern; respiratory / cardiopulmonary concern; respiratory concern
D0194,DNAAF4,"Ciliary dyskinesia, primary, 25",OMIM:615482,AR,gastrointestinal concern; recurrent / unusual infection concern; respiratory / cardiopulmonary concern; respiratory concern
D0117,CFAP298,"Ciliary dyskinesia, primary, 26",OMIM:615500,AR,recurrent / unusual infection concern; respiratory / cardiopulmonary concern; respiratory concern
D0102,DRC2,"Ciliary dyskinesia, primary, 27",OMIM:615504,AR,recurrent / unusual infection concern; respiratory / cardiopulmonary concern; respiratory concern
D0605,SPAG1,"Ciliary dyskinesia, primary, 28",OMIM:615505,AR,recurrent / unusual infection concern; respiratory / cardiopulmonary concern; respiratory concern
D0103,CCNO,"Ciliary dyskinesia, primary, 29",OMIM:615872,AR,recurrent / unusual infection concern; respiratory / cardiopulmonary concern; respiratory concern
D0198,DNAH5,"Ciliary dyskinesia, primary, 3",OMIM:608644,AR,recurrent / unusual infection concern; respiratory / cardiopulmonary concern; respiratory concern
D0445,ODAD3,"Ciliary dyskinesia, primary, 30",OMIM:616037,AR,recurrent / unusual infection concern; respiratory / cardiopulmonary concern; respiratory concern
D0540,RSPH3,"Ciliary dyskinesia, primary, 32",OMIM:616481,AR,recurrent / unusual infection concern; respiratory / cardiopulmonary concern; respiratory concern
D0272,DRC4,"Ciliary dyskinesia, primary, 33",OMIM:616726,AR,hearing concern; recurrent / unusual infection concern; respiratory concern
D0446,ODAD4,"Ciliary dyskinesia, primary, 35",OMIM:617092,AR,gastrointestinal concern; recurrent / unusual infection concern; respiratory / cardiopulmonary concern; respiratory concern
D0196,DNAAF6,"Ciliary dyskinesia, primary, 36, X-linked",OMIM:300991,XLR,recurrent / unusual infection concern; respiratory / cardiopulmonary concern; respiratory concern
D0118,CFAP300,"Ciliary dyskinesia, primary, 38",OMIM:618063,AR,hearing concern; recurrent / unusual infection concern; respiratory / cardiopulmonary concern; respiratory concern
D0383,LRRC56,"Ciliary dyskinesia, primary, 39",OMIM:618254,AR,recurrent / unusual infection concern; respiratory / cardiopulmonary concern; respiratory concern
D0199,DNAH9,"Ciliary dyskinesia, primary, 40",OMIM:618300,AR,recurrent / unusual infection concern; respiratory / cardiopulmonary concern; respiratory concern
D0394,MCIDAS,"Ciliary dyskinesia, primary, 42",OMIM:618695,AR,recurrent / unusual infection concern; respiratory concern
D0257,FOXJ1,"Ciliary dyskinesia, primary, 43",OMIM:618699,AD,gastrointestinal concern; recurrent / unusual infection concern; respiratory concern
D0197,DNAH11,"Ciliary dyskinesia, primary, 7",OMIM:611884,AR,recurrent / unusual infection concern; respiratory / cardiopulmonary concern; respiratory concern
D0201,DNAI2,"Ciliary dyskinesia, primary, 9",OMIM:612444,AR,recurrent / unusual infection concern; respiratory / cardiopulmonary concern; respiratory concern
D0061,ASS1,Citrullinemia,OMIM:215700,AR,developmental delay concern; gait / coordination concern; gastrointestinal concern; growth / weight concern; language / cognitive concern; renal / urinary concern; seizure-like event concern
D0575,SLC25A13,"Citrullinemia, type II, neonatal-onset",OMIM:605814,AR,gastrointestinal concern; growth / weight concern
D0152,COQ2,"Coenzyme Q10 deficiency, primary, 1",OMIM:607426,AR,developmental delay concern; fatigability / low stamina concern; feeding / swallowing concern; gait / coordination concern; gastrointestinal concern; hearing concern; hematologic / bleeding concern; language / cognitive concern; motor weakness concern; renal / urinary concern; respiratory / cardiopulmonary concern; seizure-like event concern; vision / ocular tracking concern
D0154,COQ6,"Coenzyme Q10 deficiency, primary, 6",OMIM:614650,AR,hearing concern; renal / urinary concern; seizure-like event concern
D0153,COQ4,"Coenzyme Q10 deficiency, primary, 7",OMIM:616276,AR,developmental delay concern; feeding / swallowing concern; gait / coordination concern; gastrointestinal concern; growth / weight concern; hearing concern; language / cognitive concern; motor weakness concern; musculoskeletal concern; renal / urinary concern; respiratory / cardiopulmonary concern; respiratory concern; seizure-like event concern; skin concern; vision / ocular tracking concern
D0055,ARID1B,Coffin-Siris syndrome 1,OMIM:135900,AD,developmental delay concern; feeding / swallowing concern; gait / coordination concern; gastrointestinal concern; growth / weight concern; hearing concern; language / cognitive concern; musculoskeletal concern; recurrent / unusual infection concern; renal / urinary concern; respiratory / cardiopulmonary concern; respiratory concern; seizure-like event concern; skin concern; social interaction / behavioral concern; vision / ocular tracking concern
D0411,MTHFD1,Combined immunodeficiency and megaloblastic anemia with or without hyperhomocysteinemia,OMIM:617780,AR,developmental delay concern; gastrointestinal concern; hearing concern; hematologic / bleeding concern; language / cognitive concern; recurrent / unusual infection concern; respiratory concern; seizure-like event concern; skin concern
D0506,PROP1,Combined pituitary hormone deficiency 2,OMIM:262600,AR,growth / weight concern; seizure-like event concern
D0120,CFB,Complement factor B deficiency,OMIM:615561,AR,gastrointestinal concern; recurrent / unusual infection concern; respiratory concern
D0121,CFD,Complement factor D deficiency,OMIM:613912,AR,recurrent / unusual infection concern
D0122,CFH,Complement factor H deficiency,OMIM:609814,AR,recurrent / unusual infection concern; renal / urinary concern
D0123,CFI,Complement factor I deficiency,OMIM:610984,AR,recurrent / unusual infection concern; renal / urinary concern; respiratory concern; skin concern
D0409,MPI,"Congenital disorder of glycosylation, type Ib",OMIM:602579,AR,gastrointestinal concern; growth / weight concern; hematologic / bleeding concern; renal / urinary concern
D0484,PGM1,"Congenital disorder of glycosylation, type It",OMIM:614921,AR,developmental delay concern; fatigability / low stamina concern; gastrointestinal concern; growth / weight concern; motor weakness concern; recurrent / unusual infection concern; renal / urinary concern; respiratory / cardiopulmonary concern; respiratory concern
D0654,UROS,Congenital erythropoietic porphyria,OMIM:263700,AR,gastrointestinal concern; growth / weight concern; hematologic / bleeding concern; musculoskeletal concern; recurrent / unusual infection concern; renal / urinary concern; skin concern
D0025,AGPAT2,Congenital generalized lipodystrophy type 1,OMIM:608594,AR,developmental delay concern; gastrointestinal concern; growth / weight concern; language / cognitive concern; musculoskeletal concern; recurrent / unusual infection concern; renal / urinary concern; respiratory / cardiopulmonary concern; skin concern; social interaction / behavioral concern
D0620,SYT2,Congenital myasthenic syndrome 7 (4A),OMIM:616040,AD,developmental delay concern; gait / coordination concern; hearing concern; motor weakness concern; musculoskeletal concern
D0621,SYT2,Congenital myasthenic syndrome 7 (4B),OMIM:619461,AR,feeding / swallowing concern; gastrointestinal concern; growth / weight concern; language / cognitive concern; motor weakness concern; musculoskeletal concern; respiratory / cardiopulmonary concern; respiratory concern; vision / ocular tracking concern
D0132,CHRNA1,"Congenital myasthenic syndrome-1 (1A, slow-channel)",OMIM:601462,AD,feeding / swallowing concern; gastrointestinal concern; language / cognitive concern; motor weakness concern; recurrent / unusual infection concern; respiratory concern; vision / ocular tracking concern
D0133,CHRNA1,"Congenital myasthenic syndrome-1 (1B, fast-channel)",OMIM:608930,AR,developmental delay concern; feeding / swallowing concern; gastrointestinal concern; language / cognitive concern; motor weakness concern; musculoskeletal concern; recurrent / unusual infection concern; respiratory concern; vision / ocular tracking concern
D0208,DOK7,Congenital myasthenic syndrome-10,OMIM:254300,AR,gait / coordination concern; motor weakness concern; recurrent / unusual infection concern; respiratory concern; vision / ocular tracking concern
D0516,RAPSN,Congenital myasthenic syndrome-11,OMIM:616326,AR,fatigability / low stamina concern; feeding / swallowing concern; gait / coordination concern; gastrointestinal concern; growth / weight concern; motor weakness concern; musculoskeletal concern; recurrent / unusual infection concern; respiratory concern
D0281,GFPT1,Congenital myasthenic syndrome-12,OMIM:610542,AR,developmental delay concern; gait / coordination concern; motor weakness concern; vision / ocular tracking concern
D0209,DPAGT1,Congenital myasthenic syndrome-13,OMIM:614750,AR,developmental delay concern; motor weakness concern
D0039,ALG2,Congenital myasthenic syndrome-14,OMIM:616228,AR,developmental delay concern; gait / coordination concern; motor weakness concern; musculoskeletal concern
D0549,SCN4A,Congenital myasthenic syndrome-16,OMIM:614198,AR,developmental delay concern; gait / coordination concern; motor weakness concern; recurrent / unusual infection concern; respiratory concern; vision / ocular tracking concern
D0148,COL13A1,Congenital myasthenic syndrome-19,OMIM:616720,AR,developmental delay concern; fatigability / low stamina concern; feeding / swallowing concern; gastrointestinal concern; motor weakness concern; musculoskeletal concern; recurrent / unusual infection concern; respiratory concern
D0135,CHRNB1,"Congenital myasthenic syndrome-2 (2C, associated with acetylcholine receptor deficiency)",OMIM:616314,AR,feeding / swallowing concern; gastrointestinal concern; motor weakness concern; recurrent / unusual infection concern; respiratory concern
D0134,CHRNB1,"Congenital myasthenic syndrome-2 (2A, slow-channel)",OMIM:616313,AD,developmental delay concern; feeding / swallowing concern; gastrointestinal concern; language / cognitive concern; motor weakness concern; musculoskeletal concern; recurrent / unusual infection concern; vision / ocular tracking concern
D0596,SLC5A7,Congenital myasthenic syndrome-20,OMIM:617143,AR,developmental delay concern; feeding / swallowing concern; gastrointestinal concern; language / cognitive concern; motor weakness concern; musculoskeletal concern; respiratory concern; vision / ocular tracking concern
D0569,SLC18A3,Congenital myasthenic syndrome-21,OMIM:617239,AR,fatigability / low stamina concern; feeding / swallowing concern; gait / coordination concern; gastrointestinal concern; motor weakness concern; musculoskeletal concern; respiratory concern; skin concern; vision / ocular tracking concern
D0503,PREPL,Congenital myasthenic syndrome-22,OMIM:616224,AR,developmental delay concern; feeding / swallowing concern; gait / coordination concern; gastrointestinal concern; growth / weight concern; motor weakness concern; recurrent / unusual infection concern; renal / urinary concern
D0574,SLC25A1,Congenital myasthenic syndrome-23,OMIM:618197,AR,developmental delay concern; feeding / swallowing concern; gait / coordination concern; gastrointestinal concern; motor weakness concern
D0419,MYO9A,Congenital myasthenic syndrome-24,OMIM:618198,AR,developmental delay concern; feeding / swallowing concern; gastrointestinal concern; language / cognitive concern; motor weakness concern; musculoskeletal concern; respiratory concern; vision / ocular tracking concern
D0656,VAMP1,Congenital myasthenic syndrome-25,OMIM:618323,AR,developmental delay concern; feeding / swallowing concern; gastrointestinal concern; language / cognitive concern; motor weakness concern; musculoskeletal concern; vision / ocular tracking concern
D0138,CHRND,"Congenital myasthenic syndrome-3 (3B, fast-channel)",OMIM:616322,AR,feeding / swallowing concern; gastrointestinal concern; motor weakness concern; respiratory concern; vision / ocular tracking concern
D0136,CHRND,"Congenital myasthenic syndrome-3 (3A, slow-channel)",OMIM:616321,AD,developmental delay concern; feeding / swallowing concern; gait / coordination concern; gastrointestinal concern; motor weakness concern; respiratory concern
D0137,CHRND,"Congenital myasthenic syndrome-3 (3C, associated with acetylcholine receptor deficiency)",OMIM:616323,AR,developmental delay concern; feeding / swallowing concern; gastrointestinal concern; motor weakness concern; recurrent / unusual infection concern; respiratory concern
D0151,COLQ,Congenital myasthenic syndrome-5,OMIM:603034,AR,feeding / swallowing concern; gastrointestinal concern; language / cognitive concern; motor weakness concern; recurrent / unusual infection concern; respiratory concern; vision / ocular tracking concern
D0127,CHAT,Congenital myasthenic syndrome-6,OMIM:254210,AR,feeding / swallowing concern; gastrointestinal concern; motor weakness concern; musculoskeletal concern; recurrent / unusual infection concern; respiratory concern; vision / ocular tracking concern
D0416,MUSK,Congenital myasthenic syndrome-9,OMIM:616325,AR,feeding / swallowing concern; gait / coordination concern; gastrointestinal concern; motor weakness concern; musculoskeletal concern; recurrent / unusual infection concern; respiratory concern; vision / ocular tracking concern
D0238,F2,Congenital prothrombin deficiency,OMIM:613679,AR,gastrointestinal concern; hematologic / bleeding concern; skin concern
D0565,SI,Congenital sucrase-isomaltase deficiency,OMIM:222900,AR,gastrointestinal concern; musculoskeletal concern; renal / urinary concern
D0432,NKX2-5,Conotruncal heart malformations,OMIM:217095,AD,developmental delay concern; growth / weight concern; language / cognitive concern; musculoskeletal concern; renal / urinary concern; respiratory / cardiopulmonary concern; respiratory concern; skin concern
D0651,UGT1A1,Crigler-Najjar syndrome type I,OMIM:218800,AR,gastrointestinal concern; skin concern
D0437,NLRP3,Cryopyrin associated periodic fever syndrome,OMIM:191900,AD,gastrointestinal concern; growth / weight concern; hearing concern; hematologic / bleeding concern; musculoskeletal concern; recurrent / unusual infection concern; renal / urinary concern; respiratory concern; skin concern; systemic red flag concern
D0125,CFTR,Cystic fibrosis,OMIM:219700,AR,gastrointestinal concern; growth / weight concern; musculoskeletal concern; recurrent / unusual infection concern; renal / urinary concern; respiratory / cardiopulmonary concern; respiratory concern; skin concern
D0163,CTNS,"Cystinosis, nephropathic",OMIM:219800,AR,developmental delay concern; feeding / swallowing concern; gastrointestinal concern; growth / weight concern; language / cognitive concern; musculoskeletal concern; renal / urinary concern; skin concern; social interaction / behavioral concern; vision / ocular tracking concern
D0324,HSD17B4,D-bifunctional protein deficiency,OMIM:261515,AR,developmental delay concern; developmental regression concern; feeding / swallowing concern; gastrointestinal concern; growth / weight concern; hearing concern; musculoskeletal concern; renal / urinary concern; seizure-like event concern; vision / ocular tracking concern
D0287,GJB2,Deafness,OMIM:124500,AR,hearing concern
D0287,GJB2,Deafness,OMIM:602540,AR,hearing concern
D0287,GJB2,Deafness,OMIM:149200,AR,hearing concern
D0287,GJB2,Deafness,OMIM:148210,AR,hearing concern
D0287,GJB2,Deafness,OMIM:220290,AR,hearing concern
D0287,GJB2,Deafness,OMIM:601544,AR,hearing concern
D0287,GJB2,Deafness,OMIM:148350,AR,hearing concern
D0016,ACTG1,"Deafness, autosomal dominant 20/26",OMIM:604717,AD,hearing concern
D0579,SLC26A4,"Deafness, autosomal recessive 4, with enlarged vestibular aqueduct",OMIM:600791,AR,hearing concern
D0661,WT1,Denys-Drash syndrome,OMIM:194080,AD,developmental delay concern; growth / weight concern; language / cognitive concern; musculoskeletal concern; renal / urinary concern; respiratory / cardiopulmonary concern; respiratory concern; skin concern
D0551,SCN8A,Developmental and epileptic encephalopathy 13,OMIM:614558,AD,developmental delay concern; developmental regression concern; language / cognitive concern; seizure-like event concern; social interaction / behavioral concern
D0114,CDKL5,Developmental and epileptic encephalopathy 2,OMIM:300672,XLD,developmental delay concern; developmental regression concern; gait / coordination concern; gastrointestinal concern; language / cognitive concern; musculoskeletal concern; respiratory concern; seizure-like event concern; social interaction / behavioral concern; vision / ocular tracking concern
D0300,GRIN2B,Developmental and epileptic encephalopathy 27,OMIM:616139,AD,developmental delay concern; feeding / swallowing concern; gastrointestinal concern; language / cognitive concern; seizure-like event concern
D0615,STXBP1,Developmental and epileptic encephalopathy 4,OMIM:612164,AR,developmental delay concern; developmental regression concern; language / cognitive concern; seizure-like event concern; vision / ocular tracking concern
D0318,HNRNPU,Developmental and epileptic encephalopathy 54,OMIM:617391,AD,developmental delay concern; developmental regression concern; language / cognitive concern; seizure-like event concern
D0018,ACTL6B,Developmental and epileptic encephalopathy 76,OMIM:618470,AR,developmental delay concern; gait / coordination concern; language / cognitive concern; musculoskeletal concern; seizure-like event concern; skin concern; social interaction / behavioral concern
D0128,CHD2,Developmental and epileptic encephalopathy 94,OMIM:615369,AD,developmental delay concern; developmental regression concern; language / cognitive concern; seizure-like event concern; social interaction / behavioral concern
D0070,AVPR2,"Diabetes insipidus, nephrogenic, 1",OMIM:304800,XLR,developmental delay concern; feeding / swallowing concern; gastrointestinal concern; growth / weight concern; language / cognitive concern; renal / urinary concern; seizure-like event concern; social interaction / behavioral concern; systemic red flag concern
D0069,AVP,"Diabetes insipidus, neurohypophyseal",OMIM:125700,AD,renal / urinary concern; systemic red flag concern; recurrent / unusual infection concern; growth / weight concern; musculoskeletal concern
D0291,GLIS3,"Diabetes mellitus, neonatal, with congenital hypothyroidism",OMIM:610199,AR,developmental delay concern; gastrointestinal concern; growth / weight concern; hearing concern; language / cognitive concern; recurrent / unusual infection concern; renal / urinary concern
D0279,GCK,"Diabetes mellitus, permanent neonatal 1",OMIM:606176,AR,growth / weight concern
D0002,ABCC8,"Diabetes mellitus, permanent neonatal 3, with or without neurologic features",OMIM:618857,AR,developmental delay concern; growth / weight concern; motor weakness concern; renal / urinary concern; social interaction / behavioral concern
D0360,KCNJ11,"Diabetes, permanent neonatal 2, with or without neurologic features",OMIM:618856,AD,developmental delay concern; musculoskeletal concern; seizure-like event concern
D0535,RPS19,Diamond-Blackfan anemia 1,OMIM:105650,AD,developmental delay concern; gastrointestinal concern; growth / weight concern; hematologic / bleeding concern; language / cognitive concern; musculoskeletal concern; renal / urinary concern; respiratory / cardiopulmonary concern; skin concern; vision / ocular tracking concern
D0532,RPL5,Diamond-Blackfan anemia 6,OMIM:612561,AD,growth / weight concern; hematologic / bleeding concern; musculoskeletal concern; respiratory / cardiopulmonary concern; respiratory concern
D0537,RPS26,Diamond-Blackfan anemia 10,OMIM:613309,AD,growth / weight concern; hearing concern; hematologic / bleeding concern; renal / urinary concern; respiratory / cardiopulmonary concern; respiratory concern
D0529,RPL15,Diamond-Blackfan anemia 12,OMIM:615550,AD,hematologic / bleeding concern; musculoskeletal concern; respiratory / cardiopulmonary concern
D0536,RPS24,Diamond-Blackfan anemia 3,OMIM:610629,AD,hematologic / bleeding concern
D0534,RPS17,Diamond-Blackfan anemia 4,OMIM:612527,AD,growth / weight concern; hematologic / bleeding concern; respiratory / cardiopulmonary concern
D0531,RPL35A,Diamond-Blackfan anemia 5,OMIM:612528,AD,developmental delay concern; growth / weight concern; hematologic / bleeding concern; renal / urinary concern; respiratory / cardiopulmonary concern
D0528,RPL11,Diamond-Blackfan anemia 7,OMIM:612562,AD,gastrointestinal concern; growth / weight concern; hearing concern; hematologic / bleeding concern; musculoskeletal concern; recurrent / unusual infection concern; renal / urinary concern; respiratory / cardiopulmonary concern
D0538,RPS7,Diamond-Blackfan anemia 8,OMIM:612563,AD,growth / weight concern; hematologic / bleeding concern
D0533,RPS10,Diamond-Blackfan anemia 9,OMIM:613308,AD,growth / weight concern; hematologic / bleeding concern
D0578,SLC26A3,"Diarrhea 1, secretory chloride, congenital",OMIM:214700,AR,gastrointestinal concern; growth / weight concern
D0606,SPINT2,"Diarrhea 3, secretory sodium, congenital, syndromic",OMIM:270420,AR,gastrointestinal concern; renal / urinary concern; skin concern
D0426,NEUROG3,"Diarrhea 4, malabsorptive, congenital",OMIM:610370,AR,gastrointestinal concern; growth / weight concern; recurrent / unusual infection concern; renal / urinary concern
D0225,EPCAM,"Diarrhea 5, with tufting enteropathy, congenital",OMIM:613217,AR,gastrointestinal concern; growth / weight concern
D0182,DGAT1,"Diarrhea 7, protein-losing enteropathy type",OMIM:615863,AR,gastrointestinal concern; growth / weight concern; musculoskeletal concern
D0600,SLC9A3,"Diarrhea 8, secretory sodium, congenital",OMIM:616868,AR,feeding / swallowing concern; gastrointestinal concern; growth / weight concern; recurrent / unusual infection concern
D0075,BCL11A,Dias-Logan syndrome,OMIM:617101,AD,developmental delay concern; gait / coordination concern; growth / weight concern; language / cognitive concern; musculoskeletal concern; social interaction / behavioral concern; vision / ocular tracking concern
D0186,DLD,Dihydrolipoamide dehydrogenase deficiency,OMIM:246900,AR,developmental delay concern; feeding / swallowing concern; gait / coordination concern; gastrointestinal concern; respiratory / cardiopulmonary concern; seizure-like event concern
D0590,SLC4A1,Distal renal tubular acidosis 1,OMIM:179800,AD,motor weakness concern; musculoskeletal concern; renal / urinary concern
D0064,ATP6V1B1,Distal renal tubular acidosis 2 with progressive sensorineural hearing loss,OMIM:267300,AR,hearing concern; renal / urinary concern
D0063,ATP6V0A4,"Distal renal tubular acidosis 3, with or without sensorineural hearing loss",OMIM:602722,AR,gastrointestinal concern; growth / weight concern; hearing concern; renal / urinary concern
D0591,SLC4A1,Distal renal tubular acidosis 4 with hemolytic anemia,OMIM:611590,AR,gastrointestinal concern; growth / weight concern; hematologic / bleeding concern; renal / urinary concern; skin concern; social interaction / behavioral concern
D0052,AQP2,"Dominant diabetes insipidus, nephrogenic, 2",OMIM:125800,AD,developmental delay concern; feeding / swallowing concern; gastrointestinal concern; growth / weight concern; language / cognitive concern; renal / urinary concern; seizure-like event concern; social interaction / behavioral concern; systemic red flag concern
D0632,TH,Dopa-responsive dystonia due to tyrosine hydroxylase deficiency,OMIM:605407,AR,developmental delay concern; gait / coordination concern; language / cognitive concern
D0187,DMD,Duchenne muscular dystrophy,OMIM:310200,XLR,developmental delay concern; gait / coordination concern; language / cognitive concern; motor weakness concern; musculoskeletal concern; respiratory / cardiopulmonary concern; respiratory concern
D0276,GCH1,"Dystonia, DOPA-responsive",OMIM:128230,AR,gait / coordination concern; language / cognitive concern; vision / ocular tracking concern
D0607,SPR,"Dystonia, dopa-responsive, due to sepiapterin reductase deficiency",OMIM:612716,AR,developmental delay concern; gait / coordination concern; growth / weight concern; language / cognitive concern; seizure-like event concern; social interaction / behavioral concern; vision / ocular tracking concern
D0548,SCN2A,Early infantile epileptic encephalopathy-11,OMIM:613721,AD,developmental delay concern; language / cognitive concern; seizure-like event concern; social interaction / behavioral concern
D0364,KCNT1,Early infantile epileptic encephalopathy-14,OMIM:614959,AD,developmental delay concern; developmental regression concern; gait / coordination concern; language / cognitive concern; seizure-like event concern
D0089,CAD,Early infantile epileptic encephalopathy-50,OMIM:616457,AR,developmental delay concern; developmental regression concern; feeding / swallowing concern; gait / coordination concern; gastrointestinal concern; growth / weight concern; hematologic / bleeding concern; language / cognitive concern; renal / urinary concern; seizure-like event concern
D0547,SCN1A,Early infantile epileptic encephalopathy-6,OMIM:607208,AD,developmental delay concern; developmental regression concern; gait / coordination concern; language / cognitive concern; seizure-like event concern; vision / ocular tracking concern
D0363,KCNQ2,Early infantile epileptic encephalopathy-7,OMIM:613720,AD,developmental delay concern; language / cognitive concern; seizure-like event concern
D0216,EDA,"Ectodermal dysplasia 1, hypohidrotic, X-linked",OMIM:305100,XLR,gastrointestinal concern; recurrent / unusual infection concern; respiratory concern; skin concern; systemic red flag concern
D0217,EDAR,"Ectodermal dysplasia 10A, hypohidrotic/hair/nail type, autosomal dominant",OMIM:129490,AD,skin concern
D0218,EDAR,"Ectodermal dysplasia 10B, hypohidrotic/hair/tooth type, autosomal recessive",OMIM:224900,AR,skin concern
D0219,EDARADD,"Ectodermal dysplasia 11A, hypohidrotic/hair/tooth type, autosomal dominant",OMIM:614940,AD,skin concern
D0220,EDARADD,"Ectodermal dysplasia 11B, hypohidrotic/hair/tooth type, autosomal recessive",OMIM:614941,AR,recurrent / unusual infection concern; respiratory concern; skin concern
D0427,NFKBIA,Ectodermal dysplasia and immunodeficiency 2,OMIM:612132,AD,gastrointestinal concern; growth / weight concern; recurrent / unusual infection concern; respiratory concern; skin concern
D0396,MECP2,"Encephalopathy, neonatal severe",OMIM:300673,XLR,developmental delay concern; feeding / swallowing concern; gastrointestinal concern; growth / weight concern; language / cognitive concern; respiratory concern; seizure-like event concern
D0233,ETHE1,Ethylmalonic encephalopathy,OMIM:602473,AR,developmental delay concern; developmental regression concern; feeding / swallowing concern; gait / coordination concern; gastrointestinal concern; growth / weight concern; hematologic / bleeding concern; language / cognitive concern; renal / urinary concern; seizure-like event concern; skin concern
D0288,GLA,Fabry disease,OMIM:301500,XLR,gastrointestinal concern; growth / weight concern; hematologic / bleeding concern; musculoskeletal concern; renal / urinary concern; respiratory / cardiopulmonary concern; respiratory concern; seizure-like event concern; skin concern
D0239,F5,Factor V deficiency,OMIM:227400,AR,hematologic / bleeding concern; skin concern
D0240,F7,Factor VII deficiency,OMIM:227500,AR,hematologic / bleeding concern; skin concern
D0234,F10,Factor X deficiency,OMIM:227600,AR,hematologic / bleeding concern
D0235,F13A1,Factor XIIIA deficiency,OMIM:613225,AR,hematologic / bleeding concern; skin concern
D0236,F13B,Factor XIIIB deficiency,OMIM:613235,AR,hematologic / bleeding concern; skin concern
D0616,STXBP2,Familial hemophagocytic lymphohistiocytosis-5,OMIM:613101,AR,gastrointestinal concern; hearing concern; hematologic / bleeding concern; recurrent / unusual infection concern; respiratory concern; systemic red flag concern
D0359,KCNJ11,Familial hyperinsulinemic hypoglycemia-2,OMIM:601820,AR,gastrointestinal concern; growth / weight concern
D0278,GCK,Familial hyperinsulinemic hypoglycemia-3,OMIM:602485,AD,developmental delay concern; language / cognitive concern; seizure-like event concern
D0302,HADH,Familial hyperinsulinemic hypoglycemia-4,OMIM:609975,AR,developmental delay concern; feeding / swallowing concern; gastrointestinal concern; language / cognitive concern; seizure-like event concern
D0280,GCM2,familial isolated hypoparathyroidism 2,OMIM:618883,AR,seizure-like event concern
D0399,MEFV,"Familial Mediterranean fever, AD",OMIM:134610,AD,gastrointestinal concern; musculoskeletal concern; recurrent / unusual infection concern; renal / urinary concern; respiratory concern; skin concern; systemic red flag concern
D0400,MEFV,"Familial Mediterranean fever, AR",OMIM:249100,AR,gastrointestinal concern; musculoskeletal concern; recurrent / unusual infection concern; renal / urinary concern; respiratory / cardiopulmonary concern; respiratory concern; skin concern; systemic red flag concern
D0021,ADAMTS13,Familial thrombotic thrombocytopenic purpura,OMIM:274150,AR,gastrointestinal concern; hematologic / bleeding concern; language / cognitive concern; renal / urinary concern; respiratory concern; skin concern; systemic red flag concern
D0273,GATM,Fanconi renotubular syndrome 1,OMIM:134600,AD,growth / weight concern; motor weakness concern; renal / urinary concern
D0090,CASK,"FG syndrome 4/Intellectual developmental disorder, with or without nystagmus",OMIM:300422,XLR,developmental delay concern; feeding / swallowing concern; gastrointestinal concern; hearing concern; language / cognitive concern; seizure-like event concern
D0245,FBP1,"Fructose-1,6-bisphosphatase deficiency",OMIM:229700,AR,gastrointestinal concern; renal / urinary concern; respiratory concern; seizure-like event concern; systemic red flag concern
D0266,GALK1,Galactokinase deficiency with cataracts,OMIM:230200,AR,gastrointestinal concern; renal / urinary concern; skin concern
D0270,GALT,Galactosaemia,OMIM:230400,AR,developmental delay concern; feeding / swallowing concern; gastrointestinal concern; growth / weight concern; hematologic / bleeding concern; language / cognitive concern; renal / urinary concern; seizure-like event concern; skin concern
D0265,GALE,Galactose epimerase deficiency,OMIM:230350,AR,developmental delay concern; gastrointestinal concern; growth / weight concern; hearing concern; language / cognitive concern; renal / urinary concern; skin concern
D0267,GALM,Galactosemia IV,OMIM:618881,AR,developmental delay concern; gastrointestinal concern; skin concern
D0649,TTC7A,Gastrointestinal defects and immunodeficiency syndrome,OMIM:243150,AR,gastrointestinal concern; growth / weight concern; hematologic / bleeding concern; recurrent / unusual infection concern; respiratory / cardiopulmonary concern; respiratory concern; skin concern
D0349,ITGA2B,Glanzmann thrombasthenia 1,OMIM:273800,AR,gastrointestinal concern; hematologic / bleeding concern; skin concern
D0351,ITGB3,Glanzmann thrombasthenia 2,OMIM:619267,AR,hematologic / bleeding concern; skin concern
D0410,MRAP,Glucocorticoid deficiency 2,OMIM:607398,AR,developmental delay concern; gastrointestinal concern; language / cognitive concern; recurrent / unusual infection concern; respiratory concern; seizure-like event concern; skin concern
D0438,NNT,"Glucocorticoid deficiency 4, with or without mineralocorticoid deficiency",OMIM:614736,AR,growth / weight concern; renal / urinary concern; seizure-like event concern
D0390,MC2R,"Glucocorticoid deficiency, due to ACTH unresponsiveness",OMIM:202200,AR,growth / weight concern; musculoskeletal concern; recurrent / unusual infection concern; seizure-like event concern; skin concern
D0594,SLC5A1,Glucose/galactose malabsorption,OMIM:606824,AR,gastrointestinal concern; growth / weight concern; renal / urinary concern
D0582,SLC2A1,"GLUT1 deficiency syndrome-1, infantile onset, severe",OMIM:606777,AR,developmental delay concern; gait / coordination concern; growth / weight concern; language / cognitive concern; seizure-like event concern; vision / ocular tracking concern
D0583,SLC2A1,"GLUT1 deficiency syndrome-2, childhood onset",OMIM:612126,AD,developmental delay concern; gait / coordination concern; gastrointestinal concern; hematologic / bleeding concern; seizure-like event concern
D0230,ETFA,Glutaric acidemia IIA,OMIM:231680,AR,fatigability / low stamina concern; gastrointestinal concern; motor weakness concern; recurrent / unusual infection concern; renal / urinary concern; respiratory / cardiopulmonary concern; respiratory concern; skin concern
D0231,ETFB,Glutaric acidemia IIB,OMIM:231680,AR,fatigability / low stamina concern; gastrointestinal concern; motor weakness concern; recurrent / unusual infection concern; renal / urinary concern; respiratory / cardiopulmonary concern; respiratory concern; skin concern
D0232,ETFDH,Glutaric acidemia IIC,OMIM:231680,AR,fatigability / low stamina concern; gastrointestinal concern; motor weakness concern; recurrent / unusual infection concern; renal / urinary concern; respiratory / cardiopulmonary concern; respiratory concern; skin concern
D0275,GCDH,"Glutaric aciduria, type I",OMIM:231670,AR,developmental delay concern; developmental regression concern; gait / coordination concern; gastrointestinal concern; growth / weight concern; hematologic / bleeding concern; language / cognitive concern; renal / urinary concern; seizure-like event concern
D0044,AMT,Glycine encephalopathy 2,OMIM:620398,AR,developmental delay concern; language / cognitive concern; respiratory concern; seizure-like event concern
D0598,SLC6A9,Glycine encephalopathy with normal serum glycine,OMIM:617301,AR,developmental delay concern; feeding / swallowing concern; gastrointestinal concern; musculoskeletal concern; respiratory concern; skin concern
D0290,GLDC,Glycine encephalopathy1,OMIM:605899,AR,developmental delay concern; language / cognitive concern; renal / urinary concern; seizure-like event concern; social interaction / behavioral concern
D0261,G6PC1,Glycogen storage disease Ia,OMIM:232200,AR,gastrointestinal concern; growth / weight concern; hematologic / bleeding concern; recurrent / unusual infection concern; renal / urinary concern; skin concern
D0586.1,SLC37A4,Glycogen storage disease Ib and 1c,OMIM:232220,AR,growth / weight concern; language / cognitive concern; recurrent / unusual infection concern; respiratory concern; seizure-like event concern; skin concern
D0586.2,SLC37A4,Glycogen storage disease Ib and 1c,OMIM:232240,AR,growth / weight concern; language / cognitive concern; recurrent / unusual infection concern; respiratory concern; seizure-like event concern; skin concern
D0263,GAA,Glycogen storage disease II,OMIM:232300,AR,fatigability / low stamina concern; gait / coordination concern; gastrointestinal concern; hearing concern; hematologic / bleeding concern; motor weakness concern; recurrent / unusual infection concern; renal / urinary concern; respiratory / cardiopulmonary concern; respiratory concern; systemic red flag concern
D0024,AGL,Glycogen storage disease III,OMIM:232400,AR,gastrointestinal concern; growth / weight concern; motor weakness concern; respiratory / cardiopulmonary concern
D0512,RAB27A,"Griscelli syndrome, type 2",OMIM:607624,AR,gastrointestinal concern; language / cognitive concern; recurrent / unusual infection concern; seizure-like event concern; skin concern; systemic red flag concern
D0282,GH1,"Growth hormone deficiency, isolated, type II",OMIM:173100,AD,growth / weight concern
D0285,GHR,Growth hormone receptor deficiency,OMIM:262500,AR,growth / weight concern; language / cognitive concern; musculoskeletal concern
D0297,GPR101,Growth hormone-secreting pituitary adenoma-2,OMIM:300943,XLR,fatigability / low stamina concern; gastrointestinal concern; musculoskeletal concern; recurrent / unusual infection concern; renal / urinary concern; respiratory / cardiopulmonary concern; skin concern; vision / ocular tracking concern
D0442,OAT,Gyrate atrophy of choroid and retina with or without ornithinemia,OMIM:258870,AR,motor weakness concern; vision / ocular tracking concern
D0241,F8,Haemophilia A,OMIM:306700,XLR,gastrointestinal concern; hematologic / bleeding concern; skin concern
D0242,F9,Haemophilia B,OMIM:306900,XLR,gastrointestinal concern; hematologic / bleeding concern; renal / urinary concern; skin concern
D0320,HPD,Hawkinsinuria,OMIM:140350,AD,developmental delay concern; growth / weight concern; language / cognitive concern; renal / urinary concern; skin concern
D0481,PEX6,Heimler syndrome 2,OMIM:616617,AR,developmental delay concern; hearing concern; skin concern
D0022,ADNP,Helsmoortel-van der Aa syndrome,OMIM:615873,AD,developmental delay concern; feeding / swallowing concern; gastrointestinal concern; growth / weight concern; language / cognitive concern; motor weakness concern; musculoskeletal concern; recurrent / unusual infection concern; renal / urinary concern; respiratory / cardiopulmonary concern; respiratory concern; seizure-like event concern; skin concern; social interaction / behavioral concern; vision / ocular tracking concern
D0262,G6PD,"Hemolytic anemia, G6PD deficient (favism)",OMIM:300908,XLD,gastrointestinal concern; hematologic / bleeding concern; musculoskeletal concern; renal / urinary concern; skin concern; systemic red flag concern
D0119,CFB,"Hemolytic uremic syndrome, atypical, susceptibility to, 4",OMIM:612924,AD,hematologic / bleeding concern; renal / urinary concern
D0504,PRF1,"Hemophagocytic lymphohistiocytosis, familial, 2",OMIM:603553,AR,developmental delay concern; gait / coordination concern; gastrointestinal concern; growth / weight concern; hematologic / bleeding concern; recurrent / unusual infection concern; seizure-like event concern; skin concern; systemic red flag concern
D0652,UNC13D,"Hemophagocytic lymphohistiocytosis, familial, 3",OMIM:608898,AR,gastrointestinal concern; hematologic / bleeding concern; recurrent / unusual infection concern; systemic red flag concern
D0614,STX11,"Hemophagocytic lymphohistiocytosis, familial, 4",OMIM:603552,AR,developmental delay concern; gastrointestinal concern; hematologic / bleeding concern; recurrent / unusual infection concern; seizure-like event concern; skin concern; systemic red flag concern
D0604,SP110,Hepatic venoocclusive disease with immunodeficiency,OMIM:235550,AR,gastrointestinal concern; recurrent / unusual infection concern; respiratory / cardiopulmonary concern
D0559,SERPING1,"Hereditary angioedema, 1 and 2",OMIM:106100,AR,gastrointestinal concern; motor weakness concern; musculoskeletal concern; recurrent / unusual infection concern; respiratory concern; skin concern
D0589,SLC46A1,Hereditary folate malabsorption,OMIM:229050,AR,developmental delay concern; feeding / swallowing concern; gait / coordination concern; gastrointestinal concern; growth / weight concern; hematologic / bleeding concern; language / cognitive concern; recurrent / unusual infection concern; seizure-like event concern
D0037,ALDOB,Hereditary fructose intolerance,OMIM:229600,AR,developmental delay concern; gastrointestinal concern; growth / weight concern; hematologic / bleeding concern; language / cognitive concern; musculoskeletal concern; renal / urinary concern; seizure-like event concern; skin concern
D0047,AP3D1,Hermansky-Pudlak syndrome 10,OMIM:617050,AR,developmental delay concern; feeding / swallowing concern; gastrointestinal concern; motor weakness concern; recurrent / unusual infection concern; respiratory concern; seizure-like event concern; skin concern; vision / ocular tracking concern
D0046,AP3B1,Hermansky-Pudlak syndrome 2,OMIM:608233,AR,developmental delay concern; gastrointestinal concern; hematologic / bleeding concern; language / cognitive concern; recurrent / unusual infection concern; respiratory concern; skin concern; social interaction / behavioral concern; vision / ocular tracking concern
D0315,HMGCL,HMG-CoA lyase deficiency,OMIM:246450,AR,developmental delay concern; gastrointestinal concern; hematologic / bleeding concern; renal / urinary concern; seizure-like event concern; skin concern; systemic red flag concern
D0316,HMGCS2,HMG-CoA synthase-2 deficiency,OMIM:605911,AR,gastrointestinal concern; renal / urinary concern; seizure-like event concern
D0314,HLCS,Holocarboxylase synthetase deficiency,OMIM:253270,AR,developmental delay concern; feeding / swallowing concern; gastrointestinal concern; recurrent / unusual infection concern; renal / urinary concern; respiratory concern; seizure-like event concern; skin concern
D0412,MTHFR,Homocystinuria due to MTHFR deficiency,OMIM:236250,AR,developmental delay concern; gait / coordination concern; motor weakness concern; renal / urinary concern; seizure-like event concern; social interaction / behavioral concern
D0098,CBS,"Homocystinuria, B6-responsive and nonresponsive types",OMIM:236200,AR,developmental delay concern; gait / coordination concern; gastrointestinal concern; growth / weight concern; language / cognitive concern; musculoskeletal concern; recurrent / unusual infection concern; renal / urinary concern; respiratory / cardiopulmonary concern; seizure-like event concern; skin concern; social interaction / behavioral concern; vision / ocular tracking concern
D0414,MTRR,"Homocystinuria-megaloblastic anemia, cbl E type",OMIM:236270,AR,developmental delay concern; gait / coordination concern; growth / weight concern; hematologic / bleeding concern; language / cognitive concern; renal / urinary concern; seizure-like event concern; vision / ocular tracking concern
D0413,MTR,"Homocystinuria-megaloblastic anemia, cblG complementation type",OMIM:250940,AR,developmental delay concern; feeding / swallowing concern; gait / coordination concern; gastrointestinal concern; growth / weight concern; hematologic / bleeding concern; language / cognitive concern; musculoskeletal concern; renal / urinary concern; respiratory concern; seizure-like event concern; skin concern; vision / ocular tracking concern
D0370,LDLR,Homozygous Familial hypercholesterolemia-1,OMIM:143890,AR,skin concern
D0501,PPP2R5D,Houge-Janssens syndrome 1,OMIM:616355,AD,developmental delay concern; fatigability / low stamina concern; gait / coordination concern; gastrointestinal concern; growth / weight concern; language / cognitive concern; seizure-like event concern; vision / ocular tracking concern
D0323,HSD17B10,HSD10 mitochondrial disease,OMIM:300438,XLD,developmental delay concern; developmental regression concern; hearing concern; language / cognitive concern; respiratory / cardiopulmonary concern; seizure-like event concern; social interaction / behavioral concern; vision / ocular tracking concern
D0460,PCSK9,"Hypercholesterolemia, familial, 3",OMIM:603776,AD,skin concern
D0374,LIAS,"Hyperglycinemia, lactic acidosis, and seizures",OMIM:614462,AR,developmental delay concern; feeding / swallowing concern; gastrointestinal concern; growth / weight concern; musculoskeletal concern; respiratory / cardiopulmonary concern; respiratory concern; seizure-like event concern
D0417.2,MVK,Mevalonate kinase deficiency,OMIM:610377,AR,developmental delay concern; gait / coordination concern; gastrointestinal concern; growth / weight concern; language / cognitive concern; musculoskeletal concern; seizure-like event concern
D0207,DOCK8,"Hyper-IgE recurrent infection syndrome, autosomal recessive",OMIM:243700,AR,gastrointestinal concern; growth / weight concern; hematologic / bleeding concern; musculoskeletal concern; recurrent / unusual infection concern; respiratory concern; skin concern
D0292,GLUD1,Hyperinsulinism-hyperammonemia syndrome,OMIM:606762,AD,developmental delay concern; gastrointestinal concern; growth / weight concern; language / cognitive concern; seizure-like event concern
D0296,GPIHBP1,"Hyperlipoproteinemia, type 1D",OMIM:615947,AR,gastrointestinal concern; growth / weight concern; recurrent / unusual infection concern; skin concern
D0050,APOC2,"Hyperlipoproteinemia, type Ib",OMIM:207750,AR,gastrointestinal concern; recurrent / unusual infection concern; skin concern
D0584,SLC30A10,Hypermanganesemia with dystonia 1,OMIM:613280,AR,gait / coordination concern; gastrointestinal concern; language / cognitive concern
D0028,AHCY,Hypermethioninemia with deficiency of S-adenosylhomocysteine hydrolase,OMIM:613752,AR,developmental delay concern; gastrointestinal concern; growth / weight concern; language / cognitive concern; motor weakness concern; respiratory / cardiopulmonary concern; vision / ocular tracking concern
D0388,MAT1A,"Hypermethioninemia, persistent, autosomal dominant, due to methionine adenosyltransferase I/III deficiency",OMIM:250850,AD,developmental delay concern; language / cognitive concern
D0576,SLC25A15,Hyperornithinemia-hyperammonemia-homocitrullinuria syndrome,OMIM:238970,AR,developmental delay concern; gait / coordination concern; gastrointestinal concern; growth / weight concern; language / cognitive concern; recurrent / unusual infection concern; renal / urinary concern; seizure-like event concern
D0027,AGXT,"Hyperoxaluria, primary, type 1",OMIM:259900,AR,musculoskeletal concern; renal / urinary concern; skin concern
D0298,GRHPR,"Hyperoxaluria, primary, type II",OMIM:260000,AR,renal / urinary concern
D0319,HOGA1,"Hyperoxaluria, primary, type III",OMIM:613616,AR,renal / urinary concern
D0510,PTS,Hyperphenylalaninemia due to 6-pyruvoyl-tetrahydropterin synthase deficiency,OMIM:261640,AR,developmental delay concern; feeding / swallowing concern; gait / coordination concern; gastrointestinal concern; growth / weight concern; language / cognitive concern; seizure-like event concern; systemic red flag concern
D0511,QDPR,Hyperphenylalaninemia due to dihydropteridine reductase deficiency,OMIM:261630,AR,developmental delay concern; feeding / swallowing concern; gastrointestinal concern; language / cognitive concern; seizure-like event concern; systemic red flag concern
D0277,GCH1,"Hyperphenylalaninemia, BH4-deficient, B",OMIM:233910,AR,developmental delay concern; feeding / swallowing concern; gastrointestinal concern; language / cognitive concern; renal / urinary concern; seizure-like event concern; systemic red flag concern; vision / ocular tracking concern
D0457,PCBD1,"Hyperphenylalaninemia, BH4-deficient, D",OMIM:264070,AR,developmental delay concern; renal / urinary concern
D0034,ALDH4A1,"Hyperprolinemia, type II",OMIM:239510,AR,developmental delay concern; language / cognitive concern; renal / urinary concern; seizure-like event concern
D0170,CYP11B2,"Hypoaldosteronism, congenital, due to CMO I deficiency",OMIM:203400,AR,feeding / swallowing concern; gastrointestinal concern; growth / weight concern; renal / urinary concern; systemic red flag concern
D0049,APOB,Hypobetalipoproteinemia,OMIM:615558,AR,gait / coordination concern; gastrointestinal concern
D0645,TRPM6,"Hypomagnesemia 1, intestinal",OMIM:602014,AR,seizure-like event concern
D0041,ALPL,"Hypophosphatasia, childhood",OMIM:241510,AR,gait / coordination concern; growth / weight concern; musculoskeletal concern; renal / urinary concern; seizure-like event concern; skin concern
D0040,ALPL,"Hypophosphatasia, infantile",OMIM:241500,AR,gastrointestinal concern; growth / weight concern; hematologic / bleeding concern; musculoskeletal concern; recurrent / unusual infection concern; renal / urinary concern; respiratory concern; seizure-like event concern; skin concern; social interaction / behavioral concern; systemic red flag concern
D0585,SLC34A3,Hypophosphatemic rickets with hypercalciuria,OMIM:241530,AR,gait / coordination concern; growth / weight concern; motor weakness concern; musculoskeletal concern; renal / urinary concern
D0189,DMP1,"Hypophosphatemic rickets, AR",OMIM:241520,AR,hearing concern; growth / weight concern
D0485,PHEX,"Hypophosphatemic rickets, X-linked dominant",OMIM:307800,XLD,developmental delay concern; gait / coordination concern; gastrointestinal concern; growth / weight concern; musculoskeletal concern; renal / urinary concern
D0433,NKX2-5,Hypoplastic left heart syndrome 2,OMIM:614435,AD,developmental delay concern; growth / weight concern; language / cognitive concern; musculoskeletal concern; renal / urinary concern; respiratory / cardiopulmonary concern; respiratory concern; skin concern
D0336,IGSF1,"Hypothyroidism, central, and testicular enlargement",OMIM:300888,XLR,gastrointestinal concern; growth / weight concern; recurrent / unusual infection concern; skin concern
D0455,PAX8,"Hypothyroidism, congenital, due to thyroid dysgenesis or hypoplasia",OMIM:218700,AD,feeding / swallowing concern; gastrointestinal concern; growth / weight concern; musculoskeletal concern; respiratory concern; skin concern
D0646,TSHB,"Hypothyroidism, congenital, nongoitrous 4",OMIM:275100,AR,developmental delay concern; feeding / swallowing concern; gastrointestinal concern; growth / weight concern; language / cognitive concern; skin concern
D0436,NKX2-5,"Hypothyroidism, congenital, nongoitrous, 5",OMIM:225250,AD,developmental delay concern; language / cognitive concern; growth / weight concern; respiratory / cardiopulmonary concern
D0641,TRHR,"Hypothyroidism, congenital, nongoitrous, 7",OMIM:618573,AR,fatigability / low stamina concern; growth / weight concern; musculoskeletal concern
D0624,TBL1X,"Hypothyroidism, congenital, nongoitrous, 8",OMIM:301033,XLR,gastrointestinal concern; language / cognitive concern; social interaction / behavioral concern
D0348,IRS4,"Hypothyroidism, congenital, nongoitrous, 9",OMIM:301035,XLR,growth / weight concern
D0214,EBF3,"Hypotonia, ataxia, and delayed development syndrome",OMIM:617330,AD,developmental delay concern; feeding / swallowing concern; gait / coordination concern; gastrointestinal concern; growth / weight concern; language / cognitive concern; motor weakness concern; musculoskeletal concern; renal / urinary concern; seizure-like event concern; skin concern; social interaction / behavioral concern; vision / ocular tracking concern
D0161,CTBP1,"Hypotonia, ataxia, developmental delay, and tooth enamel defect syndrome",OMIM:617915,AD,developmental delay concern; feeding / swallowing concern; gait / coordination concern; gastrointestinal concern; language / cognitive concern
D0115,CDKN1C,IMAGe syndrome,OMIM:614732,AD,developmental delay concern; growth / weight concern; musculoskeletal concern; renal / urinary concern
D0494,POLE,IMAGe-I syndrome,OMIM:618336,AR,feeding / swallowing concern; gastrointestinal concern; growth / weight concern; musculoskeletal concern; recurrent / unusual infection concern; renal / urinary concern; seizure-like event concern; skin concern
D0043,AMN,Imerslund-Grasbeck syndrome 2,OMIM:618882,AR,gastrointestinal concern; growth / weight concern; hematologic / bleeding concern; recurrent / unusual infection concern; renal / urinary concern
D0344,IL7R,"Immunodeficiency 104, severe combined",OMIM:608971,AR,gastrointestinal concern; growth / weight concern; recurrent / unusual infection concern; respiratory concern; skin concern
D0509,PTPRC,"Immunodeficiency 105, severe combined",OMIM:619924,AR,gastrointestinal concern; recurrent / unusual infection concern; skin concern; systemic red flag concern
D0450,OTULIN,"Immunodeficiency 107, susceptibility to invasive staphylococcus aureus infection",OMIM:619986,AD,recurrent / unusual infection concern; skin concern
D0337,IKBKB,Immunodeficiency 15B,OMIM:615592,AR,recurrent / unusual infection concern; skin concern; growth / weight concern; gastrointestinal concern
D0107,CD3G,"Immunodeficiency 17, CD3 gamma deficient",OMIM:615607,AR,gastrointestinal concern; growth / weight concern; hematologic / bleeding concern; recurrent / unusual infection concern; respiratory concern; skin concern
D0106,CD3E,Immunodeficiency 18,OMIM:615615,AR,gastrointestinal concern; recurrent / unusual infection concern; respiratory concern
D0105,CD3D,"Immunodeficiency 19, severe combined",OMIM:615617,AR,gastrointestinal concern; growth / weight concern; recurrent / unusual infection concern; respiratory concern
D0369,LCK,immunodeficiency 22,OMIM:615758,AR,gastrointestinal concern; growth / weight concern; hematologic / bleeding concern; recurrent / unusual infection concern; respiratory / cardiopulmonary concern; respiratory concern; skin concern; systemic red flag concern
D0164,CTPS1,Immunodeficiency 24,OMIM:615897,AR,recurrent / unusual infection concern; respiratory concern
D0104,CD247,Immunodeficiency 25,OMIM:610163,AR,gastrointestinal concern; hematologic / bleeding concern; recurrent / unusual infection concern; respiratory concern; skin concern
D0505,PRKDC,"Immunodeficiency 26, with or without neurologic abnormalities",OMIM:615966,AR,growth / weight concern; hearing concern; musculoskeletal concern; recurrent / unusual infection concern; respiratory concern; seizure-like event concern; vision / ocular tracking concern
D0331,IFNGR1,"Immunodeficiency 27A, mycobacteriosis",OMIM:209950,AR,recurrent / unusual infection concern
D0330,IFNGR1,"Immunodeficiency 27B, mycobacteriosis",OMIM:615978,AD,gastrointestinal concern; growth / weight concern; hematologic / bleeding concern; musculoskeletal concern; recurrent / unusual infection concern; respiratory concern; social interaction / behavioral concern; systemic red flag concern
D0332,IFNGR2,"Immunodeficiency 28, mycobacteriosis",OMIM:614889,AR,developmental delay concern; growth / weight concern; hearing concern; language / cognitive concern; musculoskeletal concern; social interaction / behavioral concern
D0610,STAT1,Immunodeficiency 31A,OMIM:614892,AD,recurrent / unusual infection concern
D0611,STAT1,Immunodeficiency 31B,OMIM:613796,AR,recurrent / unusual infection concern
D0612,STAT1,Immunodeficiency 31C,OMIM:614162,AD,fatigability / low stamina concern; gastrointestinal concern; growth / weight concern; hematologic / bleeding concern; motor weakness concern; musculoskeletal concern; recurrent / unusual infection concern; respiratory concern; skin concern; systemic red flag concern
D0347,IRF8,Immunodeficiency 32B,OMIM:226990,AR,gastrointestinal concern; growth / weight concern; hematologic / bleeding concern; recurrent / unusual infection concern; respiratory concern; systemic red flag concern
D0206,DOCK2,Immunodeficiency 40,OMIM:616433,AR,gastrointestinal concern; growth / weight concern; recurrent / unusual infection concern; respiratory concern; skin concern; systemic red flag concern
D0341,IL2RA,Immunodeficiency 41 with lymphoproliferation and autoimmunity,OMIM:606367,AR,gastrointestinal concern; growth / weight concern; hematologic / bleeding concern; recurrent / unusual infection concern; respiratory concern; skin concern
D0665,ZAP70,Immunodeficiency 48,OMIM:269840,AR,gastrointestinal concern; growth / weight concern; recurrent / unusual infection concern; respiratory concern; skin concern
D0368,LAT,Immunodeficiency 52,OMIM:617514,AR,gastrointestinal concern; growth / weight concern; hematologic / bleeding concern; recurrent / unusual infection concern; respiratory concern
D0395,MCM4,Immunodeficiency 54,OMIM:609981,AR,developmental delay concern; gastrointestinal concern; growth / weight concern; recurrent / unusual infection concern; respiratory concern; skin concern
D0342,IL2RB,Immunodeficiency 63 with lymphoproliferation and autoimmunity,OMIM:618495,AR,gastrointestinal concern; growth / weight concern; hematologic / bleeding concern; recurrent / unusual infection concern; renal / urinary concern; respiratory concern; skin concern
D0517,RASGRP1,Immunodeficiency 64,OMIM:618534,AR,gastrointestinal concern; growth / weight concern; hematologic / bleeding concern; musculoskeletal concern; recurrent / unusual infection concern; respiratory concern
D0418,MYD88,Immunodeficiency 68,OMIM:612260,AR,recurrent / unusual infection concern; skin concern
D0513,RAC2,Immunodeficiency 73B,OMIM:618986,AD,gastrointestinal concern; recurrent / unusual infection concern; respiratory concern
D0246,FCHO1,Immunodeficiency 76,OMIM:619164,AR,gastrointestinal concern; growth / weight concern; recurrent / unusual infection concern; respiratory concern
D0492,PNP,Immunodeficiency due to purine nucleoside phosphorylase deficiency,OMIM:613179,AR,developmental delay concern; gait / coordination concern; gastrointestinal concern; growth / weight concern; hematologic / bleeding concern; language / cognitive concern; recurrent / unusual infection concern; renal / urinary concern; respiratory concern; social interaction / behavioral concern
D0108,CD40,"Immunodeficiency with hyper-IgM, type 3",OMIM:606843,AR,recurrent / unusual infection concern
D0205,DNMT3B,Immunodeficiency-centromeric instability-facial anomalies syndrome 1,OMIM:242860,AR,developmental delay concern; gastrointestinal concern; growth / weight concern; language / cognitive concern; recurrent / unusual infection concern; respiratory concern
D0666,ZBTB24,Immunodeficiency-centromeric instability-facial anomalies syndrome 2,OMIM:614069,AR,developmental delay concern; gastrointestinal concern; growth / weight concern; language / cognitive concern; recurrent / unusual infection concern; respiratory concern
D0113,CDCA7,Immunodeficiency-centromeric instability-facial anomalies syndrome 3,OMIM:616910,AR,developmental delay concern; growth / weight concern; hearing concern; language / cognitive concern; musculoskeletal concern; recurrent / unusual infection concern; renal / urinary concern; vision / ocular tracking concern
D0309,HELLS,Immunodeficiency-centromeric instability-facial anomalies syndrome 4,OMIM:616911,AR,developmental delay concern; language / cognitive concern; recurrent / unusual infection concern
D0398,MED13L,Impaired intellectual development and distinctive facial features with or without cardiac defects,OMIM:616789,AD,developmental delay concern; gait / coordination concern; language / cognitive concern; musculoskeletal concern; recurrent / unusual infection concern; respiratory / cardiopulmonary concern; social interaction / behavioral concern; vision / ocular tracking concern
D0340,IL10RB,Inflammatory bowel disease 25,OMIM:612567,AR,gastrointestinal concern; recurrent / unusual infection concern; respiratory concern; skin concern
D0339,IL10RA,Inflammatory bowel disease 28,OMIM:613148,AR,gastrointestinal concern; growth / weight concern; hematologic / bleeding concern; recurrent / unusual infection concern; skin concern
D0333,IGF1,Insulin-like growth factor I deficiency,OMIM:608747,AR,gastrointestinal concern; growth / weight concern; recurrent / unusual infection concern; respiratory concern
D0091,CASK,Intellectual developmental disorder and microcephaly with pontine and cerebellar hypoplasia,OMIM:300749,XLD,developmental delay concern; feeding / swallowing concern; gastrointestinal concern; growth / weight concern; hearing concern; language / cognitive concern; motor weakness concern; respiratory concern; seizure-like event concern; skin concern; vision / ocular tracking concern
D0131,CHD8,Intellectual developmental disorder with autism and macrocephaly,OMIM:615032,AD,developmental delay concern; developmental regression concern; feeding / swallowing concern; gait / coordination concern; gastrointestinal concern; growth / weight concern; language / cognitive concern; musculoskeletal concern; recurrent / unusual infection concern; seizure-like event concern; skin concern; social interaction / behavioral concern; vision / ocular tracking concern
D0259,FOXP1,Intellectual developmental disorder with language impairment with or without autistic features,OMIM:613670,AD,developmental delay concern; feeding / swallowing concern; gastrointestinal concern; growth / weight concern; language / cognitive concern; renal / urinary concern; skin concern; social interaction / behavioral concern; vision / ocular tracking concern
D0017,ACTL6B,Intellectual developmental disorder with severe speech and ambulation defects,OMIM:618468,AD,developmental delay concern; feeding / swallowing concern; gait / coordination concern; gastrointestinal concern; language / cognitive concern; seizure-like event concern
D0147,CNOT3,"Intellectual developmental disorder with speech delay, autism, and dysmorphic facies",OMIM:618672,AD,developmental delay concern; fatigability / low stamina concern; feeding / swallowing concern; gastrointestinal concern; motor weakness concern; musculoskeletal concern; recurrent / unusual infection concern; respiratory concern
D0389,MBD5,"Intellectual developmental disorder, autosomal dominant 1",OMIM:156200,AD,developmental delay concern; feeding / swallowing concern; gait / coordination concern; gastrointestinal concern; growth / weight concern; language / cognitive concern; musculoskeletal concern; recurrent / unusual infection concern; seizure-like event concern; skin concern; social interaction / behavioral concern; vision / ocular tracking concern
D0162,CTCF,"Intellectual developmental disorder, autosomal dominant 21",OMIM:615502,AD,developmental delay concern; feeding / swallowing concern; gait / coordination concern; gastrointestinal concern; growth / weight concern; hearing concern; language / cognitive concern; musculoskeletal concern; recurrent / unusual infection concern; respiratory / cardiopulmonary concern; seizure-like event concern; skin concern; social interaction / behavioral concern; vision / ocular tracking concern
D0068,AUTS2,"Intellectual developmental disorder, autosomal dominant 26",OMIM:615834,AD,developmental delay concern; feeding / swallowing concern; gastrointestinal concern; growth / weight concern; language / cognitive concern; musculoskeletal concern; skin concern; social interaction / behavioral concern; vision / ocular tracking concern
D0560,SETBP1,"Intellectual developmental disorder, autosomal dominant 29",OMIM:616078,AD,developmental delay concern; growth / weight concern; hearing concern; language / cognitive concern; musculoskeletal concern; seizure-like event concern; skin concern; social interaction / behavioral concern; vision / ocular tracking concern
D0312,HIVEP2,"Intellectual developmental disorder, autosomal dominant 43",OMIM:616977,AD,developmental delay concern; fatigability / low stamina concern; feeding / swallowing concern; gait / coordination concern; gastrointestinal concern; growth / weight concern; hematologic / bleeding concern; language / cognitive concern; motor weakness concern; musculoskeletal concern; recurrent / unusual infection concern; respiratory / cardiopulmonary concern; respiratory concern; seizure-like event concern; skin concern; social interaction / behavioral concern; vision / ocular tracking concern
D0643,TRIO,"Intellectual developmental disorder, autosomal dominant 44, with microcephaly",OMIM:617061,AD,developmental delay concern; fatigability / low stamina concern; feeding / swallowing concern; gastrointestinal concern; language / cognitive concern; musculoskeletal concern; recurrent / unusual infection concern; respiratory / cardiopulmonary concern; seizure-like event concern; skin concern; social interaction / behavioral concern
D0619,SYNGAP1,"Intellectual developmental disorder, autosomal dominant 5",OMIM:612621,AD,developmental delay concern; developmental regression concern; language / cognitive concern; seizure-like event concern; social interaction / behavioral concern; vision / ocular tracking concern
D0367,KMT5B,"Intellectual developmental disorder, autosomal dominant 51",OMIM:617788,AD,developmental delay concern; feeding / swallowing concern; gastrointestinal concern; growth / weight concern; language / cognitive concern; musculoskeletal concern; recurrent / unusual infection concern; seizure-like event concern; skin concern; social interaction / behavioral concern
D0059,ASH1L,"Intellectual developmental disorder, autosomal dominant 52",OMIM:617796,AD,developmental delay concern; feeding / swallowing concern; gastrointestinal concern; growth / weight concern; hearing concern; language / cognitive concern; musculoskeletal concern; seizure-like event concern; skin concern; social interaction / behavioral concern; vision / ocular tracking concern
D0299,GRIN2B,"Intellectual developmental disorder, autosomal dominant 6, with or without seizures",OMIM:613970,AD,developmental delay concern; gastrointestinal concern; language / cognitive concern; seizure-like event concern; social interaction / behavioral concern
D0397,MED13,"Intellectual developmental disorder, autosomal dominant 61",OMIM:618009,AD,developmental delay concern; gastrointestinal concern; language / cognitive concern; seizure-like event concern; skin concern; social interaction / behavioral concern; vision / ocular tracking concern
D0644,TRIO,"Intellectual developmental disorder, autosomal dominant 63, with macrocephaly",OMIM:618825,AD,developmental delay concern; feeding / swallowing concern; gastrointestinal concern; language / cognitive concern; musculoskeletal concern; seizure-like event concern; skin concern; social interaction / behavioral concern
D0213,DYRK1A,"Intellectual developmental disorder, autosomal dominant 7",OMIM:614104,AD,developmental delay concern; feeding / swallowing concern; gait / coordination concern; gastrointestinal concern; growth / weight concern; language / cognitive concern; musculoskeletal concern; recurrent / unusual infection concern; renal / urinary concern; seizure-like event concern; skin concern; social interaction / behavioral concern
D0655,USP9X,"Intellectual developmental disorder, X-linked 99",OMIM:300919,XLR,developmental delay concern; gastrointestinal concern; growth / weight concern; language / cognitive concern; musculoskeletal concern; renal / urinary concern; respiratory concern; social interaction / behavioral concern
D0317,HNRNPH2,"Intellectual developmental disorder, X-linked syndromic, Bain type",OMIM:300986,XLD,developmental delay concern; developmental regression concern; feeding / swallowing concern; gait / coordination concern; gastrointestinal concern; growth / weight concern; language / cognitive concern; musculoskeletal concern; respiratory / cardiopulmonary concern; seizure-like event concern; skin concern; social interaction / behavioral concern; vision / ocular tracking concern
D0601,SLC9A6,"Intellectual developmental disorder, X-linked syndromic, Christianson type",OMIM:300243,XLR,developmental delay concern; feeding / swallowing concern; gait / coordination concern; gastrointestinal concern; growth / weight concern; language / cognitive concern; musculoskeletal concern; renal / urinary concern; seizure-like event concern; skin concern; social interaction / behavioral concern; vision / ocular tracking concern
D0179,DDX3X,"Intellectual developmental disorder, X-linked syndromic, Snijders Blok type",OMIM:300958,XLR,developmental delay concern; gait / coordination concern; growth / weight concern; hearing concern; language / cognitive concern; respiratory / cardiopulmonary concern; seizure-like event concern; social interaction / behavioral concern; vision / ocular tracking concern
D0097,CBLIF,Intrinsic factor deficiency,OMIM:261000,AR,gastrointestinal concern; hematologic / bleeding concern
D0346,IRAK4,IRAK4 deficiency,OMIM:607676,AR,gastrointestinal concern; recurrent / unusual infection concern
D0005,ACAD8,Isobutyryl-CoA dehydrogenase deficiency,OMIM:611283,AR,hematologic / bleeding concern; respiratory / cardiopulmonary concern
D0283,GH1,Isolated growth hormone deficiency type 1A,OMIM:262400,AR,gastrointestinal concern; growth / weight concern; skin concern
D0284,GH1,Isolated growth hormone deficiency type 1B,OMIM:612781,AR,growth / weight concern; musculoskeletal concern
D0286,GHRHR,Isolated growth hormone deficiency type 4,OMIM:618157,AR,growth / weight concern; musculoskeletal concern
D0353,IVD,Isovaleric acidemia,OMIM:243500,AR,developmental delay concern; gastrointestinal concern; hematologic / bleeding concern; renal / urinary concern; seizure-like event concern
D0355,JAK3,"JAK3 associated T cell-negative, B cell-positive, natural killer cell-negative severe combined immunodeficiency",OMIM:600802,AR,gastrointestinal concern; growth / weight concern; recurrent / unusual infection concern; respiratory concern
D0362,KCNQ1,Jervell and Lange-Nielsen syndrome,OMIM:220400,AR,hearing concern; respiratory / cardiopulmonary concern
D0045,ANKRD11,KBG syndrome,OMIM:148050,AD,developmental delay concern; feeding / swallowing concern; gastrointestinal concern; growth / weight concern; language / cognitive concern; musculoskeletal concern; renal / urinary concern; seizure-like event concern; skin concern; social interaction / behavioral concern
D0244,FAM111A,"Kenny-Caffey syndrome, type 2",OMIM:127000,AD,developmental delay concern; growth / weight concern; hematologic / bleeding concern; language / cognitive concern; musculoskeletal concern; seizure-like event concern
D0222,EHMT1,Kleefstra syndrome 1,OMIM:610253,AD,developmental delay concern; developmental regression concern; feeding / swallowing concern; gastrointestinal concern; growth / weight concern; hearing concern; language / cognitive concern; musculoskeletal concern; recurrent / unusual infection concern; renal / urinary concern; respiratory / cardiopulmonary concern; respiratory concern; seizure-like event concern; skin concern; social interaction / behavioral concern; vision / ocular tracking concern
D0264,GALC,Krabbe disease,OMIM:245200,AR,developmental regression concern; gastrointestinal concern; growth / weight concern; hearing concern; language / cognitive concern; recurrent / unusual infection concern; seizure-like event concern; systemic red flag concern; vision / ocular tracking concern
D0303,HADHA,LCHAD deficiency,OMIM:609016,AR,gastrointestinal concern; respiratory / cardiopulmonary concern
D0371,LEP,Leptin deficiency,OMIM:614962,AR,growth / weight concern; recurrent / unusual infection concern; respiratory concern; social interaction / behavioral concern
D0372,LEPR,Leptin receptor deficiency,OMIM:614963,AR,developmental delay concern; growth / weight concern; language / cognitive concern; recurrent / unusual infection concern; respiratory concern; social interaction / behavioral concern
D0350,ITGB2,"Leukocyte adhesion deficiency, type I",OMIM:116920,AR,gastrointestinal concern; musculoskeletal concern; recurrent / unusual infection concern; skin concern
D0248,FERMT3,"Leukocyte adhesion deficiency, type III",OMIM:612840,AR,gastrointestinal concern; hematologic / bleeding concern; musculoskeletal concern; recurrent / unusual infection concern; skin concern
D0554,SCNN1B,Liddle syndrome 1,OMIM:177200,AD,renal / urinary concern
D0556,SCNN1G,Liddle syndrome 2,OMIM:618114,AD,fatigability / low stamina concern; gastrointestinal concern; motor weakness concern; renal / urinary concern
D0375,LIG1,LIG1 associated immunodeficiency,OMIM:619774,AR,developmental delay concern; growth / weight concern; language / cognitive concern; recurrent / unusual infection concern; renal / urinary concern; respiratory concern; skin concern
D0376,LIG4,LIG4 Syndrome,OMIM:606593,AR,developmental delay concern; growth / weight concern; language / cognitive concern; musculoskeletal concern; recurrent / unusual infection concern; respiratory concern; skin concern
D0380,LMF1,"Lipase deficiency, combined",OMIM:246650,AR,gastrointestinal concern; recurrent / unusual infection concern; skin concern
D0077,BSCL2,"Lipodystrophy, congenital generalized, type 2",OMIM:269700,AR,developmental delay concern; gastrointestinal concern; growth / weight concern; language / cognitive concern; musculoskeletal concern; recurrent / unusual infection concern; renal / urinary concern; respiratory / cardiopulmonary concern; skin concern; social interaction / behavioral concern
D0095,CAV1,"Lipodystrophy, congenital generalized, type 3",OMIM:612526,AR,gastrointestinal concern; growth / weight concern; skin concern
D0096,CAVIN1,"Lipodystrophy, congenital generalized, type 4",OMIM:613327,AR,fatigability / low stamina concern; feeding / swallowing concern; gastrointestinal concern; growth / weight concern; motor weakness concern; musculoskeletal concern; recurrent / unusual infection concern; respiratory concern; skin concern
D0094,CAV1,"Lipodystrophy, familial partial, type 7",OMIM:606721,AD,feeding / swallowing concern; gait / coordination concern; gastrointestinal concern; growth / weight concern; hearing concern; motor weakness concern; recurrent / unusual infection concern; renal / urinary concern; respiratory concern; skin concern; vision / ocular tracking concern
D0609,STAR,Lipoid adrenal hyperplasia,OMIM:201710,AR,renal / urinary concern
D0381,LPL,Lipoprotein lipase deficiency,OMIM:238600,AR,gastrointestinal concern; musculoskeletal concern; recurrent / unusual infection concern; skin concern
D0361,KCNQ1,Long QT Syndrome 1,OMIM:192500,AD,hearing concern; respiratory / cardiopulmonary concern
D0357,KCNH2,Long QT Syndrome 2,OMIM:613688,AD,respiratory / cardiopulmonary concern
D0550,SCN5A,Long QT Syndrome 3,OMIM:603830,AD,respiratory / cardiopulmonary concern
D0352,ITK,Lymphoproliferative syndrome 2,OMIM:613011,AR,gastrointestinal concern; hematologic / bleeding concern; recurrent / unusual infection concern; respiratory / cardiopulmonary concern; respiratory concern; systemic red flag concern
D0110,CD70,Lymphoproliferative syndrome 3,OMIM:618261,AR,gastrointestinal concern; recurrent / unusual infection concern; systemic red flag concern
D0599,SLC7A7,Lysinuric protein intolerance,OMIM:222700,AR,developmental delay concern; gastrointestinal concern; growth / weight concern; hematologic / bleeding concern; language / cognitive concern; motor weakness concern; musculoskeletal concern; recurrent / unusual infection concern; renal / urinary concern; respiratory concern; skin concern
D0402,MLYCD,Malonyl-CoA decarboxylase deficiency,OMIM:248360,AR,developmental delay concern; gastrointestinal concern; growth / weight concern; language / cognitive concern; musculoskeletal concern; renal / urinary concern; respiratory / cardiopulmonary concern; respiratory concern; seizure-like event concern
D0072,BCKDHA,"Maple syrup urine disease, type Ia",OMIM:248600,AR,developmental delay concern; feeding / swallowing concern; gait / coordination concern; gastrointestinal concern; language / cognitive concern; recurrent / unusual infection concern; renal / urinary concern; seizure-like event concern
D0073,BCKDHB,"Maple syrup urine disease, type Ib",OMIM:620698,AR,feeding / swallowing concern; gastrointestinal concern; seizure-like event concern
D0176,DBT,"Maple syrup urine disease, type II",OMIM:620699,AR,fatigability / low stamina concern; gastrointestinal concern; musculoskeletal concern
D0006,ACADM,Medium-chain acyl-CoA dehydrogenase deficiency,OMIM:201450,AR,developmental delay concern; gastrointestinal concern; renal / urinary concern; seizure-like event concern
D0184,DHFR,Megaloblastic anemia due to dihydrofolate reductase deficiency,OMIM:613839,AR,developmental delay concern; feeding / swallowing concern; gait / coordination concern; gastrointestinal concern; hematologic / bleeding concern; motor weakness concern; seizure-like event concern; skin concern
D0570,SLC19A1,"Megaloblastic anemia, folate-responsive",OMIM:601775,AR,hematologic / bleeding concern
D0065,ATP7A,Menkes disease,OMIM:309400,XLR,developmental delay concern; developmental regression concern; growth / weight concern; hematologic / bleeding concern; language / cognitive concern; motor weakness concern; musculoskeletal concern; seizure-like event concern; skin concern
D0057,ARSA,Metachromatic leukodystrophy,OMIM:250100,AR,developmental delay concern; gait / coordination concern; gastrointestinal concern; language / cognitive concern; motor weakness concern; renal / urinary concern; seizure-like event concern; social interaction / behavioral concern
D0387,MAT1A,"Methionine adenosyltransferase deficiency, autosomal recessive",OMIM:250850,AR,developmental delay concern; language / cognitive concern
D0407,MMUT,"Methylmalonic acidemia, mut(0) type",OMIM:251000,AR,developmental delay concern; feeding / swallowing concern; gastrointestinal concern; growth / weight concern; hematologic / bleeding concern; motor weakness concern; recurrent / unusual infection concern; renal / urinary concern; respiratory / cardiopulmonary concern; respiratory concern; seizure-like event concern
D0307,HCFC1,"Methylmalonic aciduria and homocysteinemia, cblX type",OMIM:309541,XLR,developmental delay concern; growth / weight concern; language / cognitive concern; renal / urinary concern; seizure-like event concern
D0405,MMACHC,"Methylmalonic aciduria and homocystinuria, cblC type",OMIM:277400,AR,developmental delay concern; feeding / swallowing concern; gastrointestinal concern; growth / weight concern; hematologic / bleeding concern; language / cognitive concern; renal / urinary concern; respiratory concern; seizure-like event concern; skin concern; vision / ocular tracking concern
D0502,PRDX1,"Methylmalonic aciduria and homocystinuria, cblC type, digenic",OMIM:277400,AR,renal / urinary concern; seizure-like event concern; vision / ocular tracking concern; hematologic / bleeding concern; developmental delay concern; language / cognitive concern; skin concern; gastrointestinal concern; growth / weight concern; feeding / swallowing concern; respiratory concern
D0406,MMADHC,"Methylmalonic aciduria and homocystinuria, cblD type",OMIM:277410,AR,developmental delay concern; feeding / swallowing concern; gait / coordination concern; gastrointestinal concern; hematologic / bleeding concern; language / cognitive concern; renal / urinary concern; seizure-like event concern; vision / ocular tracking concern
D0379,LMBRD1,"Methylmalonic aciduria and homocystinuria, cblF type",OMIM:277380,AR,developmental delay concern; feeding / swallowing concern; gait / coordination concern; gastrointestinal concern; growth / weight concern; hematologic / bleeding concern; recurrent / unusual infection concern; renal / urinary concern; respiratory / cardiopulmonary concern; respiratory concern; skin concern
D0004,ABCD4,"Methylmalonic aciduria and homocystinuria, cblJ type",OMIM:614857,AR,developmental delay concern; feeding / swallowing concern; gastrointestinal concern; growth / weight concern; hematologic / bleeding concern; musculoskeletal concern; renal / urinary concern; respiratory / cardiopulmonary concern; respiratory concern
D0403,MMAA,"Methylmalonic aciduria, vitamin B12-responsive, cblA type",OMIM:251100,AR,developmental delay concern; feeding / swallowing concern; gastrointestinal concern; growth / weight concern; hematologic / bleeding concern; renal / urinary concern; respiratory concern; seizure-like event concern
D0404,MMAB,"Methylmalonic aciduria, vitamin B12-responsive, cblB type",OMIM:251110,AR,developmental delay concern; feeding / swallowing concern; gastrointestinal concern; growth / weight concern; hematologic / bleeding concern; renal / urinary concern; respiratory / cardiopulmonary concern; respiratory concern
D0393,MCEE,Methylmalonyl-CoA epimerase deficiency,OMIM:251120,AR,developmental delay concern; gastrointestinal concern; growth / weight concern; renal / urinary concern
D0543,SAMD9,MIRAGE syndrome,OMIM:617053,AD,developmental delay concern; gastrointestinal concern; growth / weight concern; hematologic / bleeding concern; musculoskeletal concern; recurrent / unusual infection concern; renal / urinary concern; respiratory concern; seizure-like event concern; skin concern
D0012,ACOX1,Mitchell syndrome,OMIM:618960,AD,developmental delay concern; feeding / swallowing concern; gait / coordination concern; gastrointestinal concern; language / cognitive concern; motor weakness concern; respiratory concern; seizure-like event concern
D0617,SUCLA2,Mitochondrial DNA depletion syndrome 5 (encephalomyopathic with or without methylmalonic aciduria),OMIM:612073,AR,developmental delay concern; feeding / swallowing concern; gait / coordination concern; gastrointestinal concern; growth / weight concern; hearing concern; hematologic / bleeding concern; language / cognitive concern; motor weakness concern; renal / urinary concern; respiratory concern; seizure-like event concern; skin concern; vision / ocular tracking concern
D0618,SUCLG1,Mitochondrial DNA depletion syndrome 9 (encephalomyopathic type with methylmalonic aciduria),OMIM:245400,AR,developmental delay concern; feeding / swallowing concern; gastrointestinal concern; growth / weight concern; hearing concern; language / cognitive concern; motor weakness concern; renal / urinary concern; respiratory concern; skin concern
D0408,MOCS1,Molybdenum cofactor deficiency A,OMIM:252150,AR,developmental delay concern; feeding / swallowing concern; gastrointestinal concern; growth / weight concern; language / cognitive concern; renal / urinary concern; seizure-like event concern; vision / ocular tracking concern
D0563,SGSH,Mucopolysaccharidosis IIIA,OMIM:252900,AR,developmental delay concern; gastrointestinal concern; hearing concern; language / cognitive concern; musculoskeletal concern; recurrent / unusual infection concern; renal / urinary concern; respiratory / cardiopulmonary concern; respiratory concern; seizure-like event concern; skin concern; social interaction / behavioral concern
D0420,NAGLU,Mucopolysaccharidosis IIIB,OMIM:252920,AR,developmental delay concern; gastrointestinal concern; hearing concern; language / cognitive concern; musculoskeletal concern; recurrent / unusual infection concern; renal / urinary concern; respiratory / cardiopulmonary concern; respiratory concern; seizure-like event concern; skin concern; social interaction / behavioral concern
D0289,GLB1,Mucopolysaccharidosis IVB,OMIM:253010,AR,developmental delay concern; gait / coordination concern; gastrointestinal concern; growth / weight concern; hearing concern; language / cognitive concern; musculoskeletal concern; recurrent / unusual infection concern; renal / urinary concern; respiratory / cardiopulmonary concern; respiratory concern
D0268,GALNS,Mucopolysaccharidosis IVA,OMIM:253000,AR,developmental delay concern; gait / coordination concern; gastrointestinal concern; growth / weight concern; hearing concern; language / cognitive concern; musculoskeletal concern; recurrent / unusual infection concern; renal / urinary concern; respiratory / cardiopulmonary concern; respiratory concern
D0058,ARSB,Mucopolysaccharidosis VI,OMIM:253200,AR,developmental delay concern; gastrointestinal concern; growth / weight concern; hearing concern; language / cognitive concern; musculoskeletal concern; recurrent / unusual infection concern; renal / urinary concern; respiratory / cardiopulmonary concern; respiratory concern; seizure-like event concern; skin concern
D0301,GUSB,Mucopolysaccharidosis VII,OMIM:253220,AR,developmental delay concern; gastrointestinal concern; growth / weight concern; hearing concern; language / cognitive concern; musculoskeletal concern; recurrent / unusual infection concern; renal / urinary concern; respiratory / cardiopulmonary concern; respiratory concern; skin concern; social interaction / behavioral concern; vision / ocular tracking concern
D0223,EIF2AK3,"Multiple epiphyseal dysplasia with early onset diabetes mellitus, Wolcott-Rallison syndrome",OMIM:226980,AR,developmental delay concern; gastrointestinal concern; growth / weight concern; musculoskeletal concern; renal / urinary concern; skin concern
D0428,NFU1,Multiple mitochondrial dysfunctions syndrome 1,OMIM:605711,AR,developmental delay concern; developmental regression concern; feeding / swallowing concern; gastrointestinal concern; growth / weight concern; motor weakness concern; renal / urinary concern; respiratory concern; seizure-like event concern
D0038,ALG14,"Myasthenic syndrome, congenital, 15, without tubular aggregates",OMIM:616227,AR,gait / coordination concern; motor weakness concern; musculoskeletal concern; recurrent / unusual infection concern
D0139,CHRNE,"Myasthenic syndrome, congenital, 4 (4A)",OMIM:605809,AR,feeding / swallowing concern; gastrointestinal concern; motor weakness concern; respiratory concern; vision / ocular tracking concern
D0140,CHRNE,"Myasthenic syndrome, congenital, 4 (4B)",OMIM:616324,AR,feeding / swallowing concern; gastrointestinal concern; motor weakness concern; recurrent / unusual infection concern; respiratory concern; vision / ocular tracking concern
D0141,CHRNE,"Myasthenic syndrome, congenital, 4 (4C)",OMIM:608931,AR,developmental delay concern; feeding / swallowing concern; gastrointestinal concern; language / cognitive concern; motor weakness concern; musculoskeletal concern; respiratory concern; vision / ocular tracking concern
D0026,AGRN,"Myasthenic syndrome, congenital, 8, with pre- and postsynaptic defects",OMIM:615120,AR,motor weakness concern; respiratory concern
D0597,SLC6A1,Myoclonic-atonic epilepsy,OMIM:616421,AD,developmental delay concern; gait / coordination concern; language / cognitive concern; seizure-like event concern; social interaction / behavioral concern
D0421,NAGS,N-acetylglutamate synthase deficiency,OMIM:237310,AR,gastrointestinal concern; growth / weight concern; language / cognitive concern; respiratory concern; seizure-like event concern; social interaction / behavioral concern
D0093,CASR,Neonatal hyperparathyroidism,OMIM:239200,AR,feeding / swallowing concern; gastrointestinal concern; growth / weight concern; hematologic / bleeding concern; musculoskeletal concern; renal / urinary concern; respiratory concern; social interaction / behavioral concern
D0562,SGPL1,"Nephrotic syndrome, type 14",OMIM:617575,AR,developmental delay concern; developmental regression concern; gait / coordination concern; hearing concern; language / cognitive concern; renal / urinary concern; seizure-like event concern; skin concern; vision / ocular tracking concern
D0155,COQ8B,"Nephrotic syndrome, type 9",OMIM:615573,AR,renal / urinary concern
D0365,KIF1A,NESCAV syndrome,OMIM:614255,AD,developmental delay concern; gait / coordination concern; language / cognitive concern; musculoskeletal concern; seizure-like event concern; vision / ocular tracking concern
D0254,FOLR1,Neurodegeneration due to cerebral folate transport deficiency,OMIM:613068,AR,developmental delay concern; developmental regression concern; language / cognitive concern; seizure-like event concern
D0181,DEAF1,"Neurodevelopmental disorder with hypotonia, impaired expressive language, and with or without seizures",OMIM:617171,AR,developmental delay concern; language / cognitive concern; seizure-like event concern; social interaction / behavioral concern
D0126,CHAMP1,"Neurodevelopmental disorder with hypotonia, impaired language, and dysmorphic features",OMIM:616579,AD,developmental delay concern; feeding / swallowing concern; gait / coordination concern; gastrointestinal concern; language / cognitive concern; musculoskeletal concern; recurrent / unusual infection concern; respiratory concern; social interaction / behavioral concern; vision / ocular tracking concern
D0308,HECW2,"Neurodevelopmental disorder with hypotonia, seizures, and absent language",OMIM:617268,AD,developmental delay concern; feeding / swallowing concern; gastrointestinal concern; language / cognitive concern; seizure-like event concern; skin concern; social interaction / behavioral concern; vision / ocular tracking concern
D0185,DHPS,Neurodevelopmental disorder with seizures and speech and walking impairment,OMIM:618480,AR,developmental delay concern; gait / coordination concern; gastrointestinal concern; growth / weight concern; hematologic / bleeding concern; language / cognitive concern; musculoskeletal concern; seizure-like event concern; skin concern; social interaction / behavioral concern
D0659,WNK1,"Neuropathy, hereditary sensory and autonomic, type II",OMIM:201300,AR,feeding / swallowing concern; gastrointestinal concern; musculoskeletal concern; skin concern
D0146,CLPB,"Neutropenia, severe congenital, 9, autosomal dominant",OMIM:619813,AD,developmental delay concern; feeding / swallowing concern; gastrointestinal concern; hearing concern; language / cognitive concern; musculoskeletal concern; skin concern; social interaction / behavioral concern; vision / ocular tracking concern
D0422,NBN,Nijmegen breakage syndrome,OMIM:251260,AR,developmental delay concern; gastrointestinal concern; growth / weight concern; hematologic / bleeding concern; language / cognitive concern; musculoskeletal concern; recurrent / unusual infection concern; renal / urinary concern; respiratory concern; skin concern; social interaction / behavioral concern
D0441,OAS1,OAS1 associated polymorphic autoinflammatory immunodeficiency,OMIM:618042,AD,gastrointestinal concern; recurrent / unusual infection concern; respiratory concern
D0160,CSNK2A1,Okur-Chung neurodevelopmental syndrome,OMIM:617062,AD,developmental delay concern; feeding / swallowing concern; gait / coordination concern; gastrointestinal concern; growth / weight concern; language / cognitive concern; musculoskeletal concern; recurrent / unusual infection concern; respiratory / cardiopulmonary concern; seizure-like event concern; skin concern; social interaction / behavioral concern
D0447,OTC,Ornithine transcarbamylase deficiency,OMIM:311250,XLR,developmental delay concern; gait / coordination concern; gastrointestinal concern; growth / weight concern; language / cognitive concern; musculoskeletal concern; renal / urinary concern; seizure-like event concern
D0329,IFITM5,Osteogenesis Imperfecta type V,OMIM:610967,AD,growth / weight concern; musculoskeletal concern
D0143.1,CLCN7,"Osteopetrosis, autosomal recessive 4",OMIM:611490,AR,developmental delay concern; hematologic / bleeding concern; language / cognitive concern; renal / urinary concern; seizure-like event concern
D0143.2,CLCN7,"Osteopetrosis, autosomal dominant 2",OMIM:166600,AD,developmental delay concern; hematologic / bleeding concern; language / cognitive concern; renal / urinary concern; seizure-like event concern
D0627,TCIRG1,Osteopetrosis type 1,OMIM:259700,AR,gastrointestinal concern; growth / weight concern; hearing concern; hematologic / bleeding concern; motor weakness concern; musculoskeletal concern; recurrent / unusual infection concern; seizure-like event concern; vision / ocular tracking concern
D0635,TNFRSF11A,Osteopetrosis type 7,OMIM:612301,AR,developmental delay concern; gastrointestinal concern; growth / weight concern; hematologic / bleeding concern; musculoskeletal concern; recurrent / unusual infection concern; respiratory concern; seizure-like event concern; vision / ocular tracking concern
D0603,SNX10,Osteopetrosis type 8,OMIM:615085,AR,feeding / swallowing concern; gastrointestinal concern; growth / weight concern; hematologic / bleeding concern; motor weakness concern; vision / ocular tracking concern
D0088,CA2,Osteopetrosis with renal tubular acidosis,OMIM:259730,AR,developmental delay concern; gastrointestinal concern; growth / weight concern; hematologic / bleeding concern; language / cognitive concern; musculoskeletal concern; renal / urinary concern; vision / ocular tracking concern
D0382,LRP5,Osteoporosis-pseudoglioma syndrome,OMIM:259770,AR,developmental delay concern; growth / weight concern; language / cognitive concern; musculoskeletal concern; respiratory / cardiopulmonary concern; seizure-like event concern; vision / ocular tracking concern
D0454,PAX1,Otofaciocervical syndrome 2,OMIM:615560,AR,developmental delay concern; hearing concern; language / cognitive concern; musculoskeletal concern; recurrent / unusual infection concern; renal / urinary concern; skin concern
D0508,PTF1A,Pancreatic agenesis 2,OMIM:615935,AR,developmental delay concern; gastrointestinal concern; growth / weight concern
D0580,SLC26A4,Pendred syndrome,OMIM:274600,AR,developmental delay concern; hearing concern; language / cognitive concern
D0013,ACOX1,Peroxisomal acyl-CoA oxidase deficiency,OMIM:264470,AR,developmental delay concern; developmental regression concern; feeding / swallowing concern; gastrointestinal concern; hearing concern; language / cognitive concern; seizure-like event concern; social interaction / behavioral concern; vision / ocular tracking concern
D0477,PEX3,Peroxisome biogenesis disorder 10A (Zellweger),OMIM:614882,AR,developmental delay concern; feeding / swallowing concern; gastrointestinal concern; seizure-like event concern
D0476,PEX3,Peroxisome biogenesis disorder 10B,OMIM:617370,AR,developmental delay concern; renal / urinary concern; seizure-like event concern; vision / ocular tracking concern
D0466,PEX13,Peroxisome biogenesis disorder 11A (Zellweger),OMIM:614883,AR,developmental delay concern; gastrointestinal concern; growth / weight concern; renal / urinary concern; respiratory concern; seizure-like event concern
D0467,PEX13,Peroxisome biogenesis disorder 11B,OMIM:614885,AR,feeding / swallowing concern; gastrointestinal concern; hearing concern; motor weakness concern; respiratory concern; vision / ocular tracking concern
D0471,PEX19,Peroxisome biogenesis disorder 12A (Zellweger),OMIM:614886,AR,developmental delay concern; feeding / swallowing concern; gastrointestinal concern; growth / weight concern; recurrent / unusual infection concern; renal / urinary concern; respiratory / cardiopulmonary concern; seizure-like event concern; skin concern
D0468,PEX14,Peroxisome biogenesis disorder 13A (Zellweger),OMIM:614887,AR,feeding / swallowing concern; gastrointestinal concern; renal / urinary concern; seizure-like event concern; skin concern
D0461,PEX1,Peroxisome biogenesis disorder 1A (Zellweger),OMIM:214100,AR,developmental delay concern; feeding / swallowing concern; gait / coordination concern; gastrointestinal concern; growth / weight concern; hearing concern; language / cognitive concern; musculoskeletal concern; renal / urinary concern; respiratory / cardiopulmonary concern; respiratory concern; seizure-like event concern; skin concern; vision / ocular tracking concern
D0462,PEX1,Peroxisome biogenesis disorder 1B,OMIM:601539,AR,developmental delay concern; gastrointestinal concern; hearing concern; language / cognitive concern; renal / urinary concern; seizure-like event concern
D0478,PEX5,Peroxisome biogenesis disorder 2A (Zellweger),OMIM:214110,AR,developmental delay concern; feeding / swallowing concern; gastrointestinal concern; growth / weight concern; language / cognitive concern; musculoskeletal concern; renal / urinary concern; respiratory / cardiopulmonary concern; respiratory concern; seizure-like event concern; skin concern
D0479,PEX5,Peroxisome biogenesis disorder 2B,OMIM:202370,AR,developmental delay concern; language / cognitive concern; seizure-like event concern; vision / ocular tracking concern
D0464,PEX12,Peroxisome biogenesis disorder 3A (Zellweger),OMIM:614859,AR,feeding / swallowing concern; gastrointestinal concern; renal / urinary concern; seizure-like event concern
D0465,PEX12,Peroxisome biogenesis disorder 3B,OMIM:266510,AR,developmental delay concern; gait / coordination concern; gastrointestinal concern; growth / weight concern; hearing concern; hematologic / bleeding concern; language / cognitive concern; renal / urinary concern; skin concern; vision / ocular tracking concern
D0482,PEX6,Peroxisome biogenesis disorder 4A (Zellweger),OMIM:614862,AR,feeding / swallowing concern; gastrointestinal concern; renal / urinary concern; respiratory concern; seizure-like event concern
D0483,PEX6,Peroxisome biogenesis disorder 4B,OMIM:614863,AR,developmental delay concern; gait / coordination concern; gastrointestinal concern; hearing concern; language / cognitive concern; renal / urinary concern; seizure-like event concern; skin concern; systemic red flag concern; vision / ocular tracking concern
D0472,PEX2,Peroxisome biogenesis disorder 5A (Zellweger),OMIM:614866,AR,developmental delay concern; feeding / swallowing concern; gastrointestinal concern; growth / weight concern; hearing concern; language / cognitive concern; musculoskeletal concern; renal / urinary concern; respiratory / cardiopulmonary concern; seizure-like event concern; skin concern; vision / ocular tracking concern
D0473,PEX16,Peroxisome biogenesis disorder 5B,OMIM:614867,AR,developmental delay concern; feeding / swallowing concern; gastrointestinal concern; growth / weight concern; hearing concern; language / cognitive concern; renal / urinary concern; respiratory / cardiopulmonary concern; respiratory concern; seizure-like event concern; skin concern; vision / ocular tracking concern
D0463,PEX10,Peroxisome biogenesis disorder 6A (Zellweger),OMIM:614870,AR,developmental delay concern; feeding / swallowing concern; gastrointestinal concern; renal / urinary concern; seizure-like event concern
D0474,PEX26,Peroxisome biogenesis disorder 7A (Zellweger),OMIM:614872,AR,feeding / swallowing concern; gastrointestinal concern; seizure-like event concern; skin concern; vision / ocular tracking concern
D0475,PEX26,Peroxisome biogenesis disorder 7B,OMIM:614873,AR,developmental delay concern; gastrointestinal concern; hearing concern; vision / ocular tracking concern
D0469,PEX16,Peroxisome biogenesis disorder 8A (Zellweger),OMIM:614876,AR,developmental delay concern; feeding / swallowing concern; gastrointestinal concern; respiratory / cardiopulmonary concern; seizure-like event concern; skin concern
D0470,PEX16,Peroxisome biogenesis disorder 8B,OMIM:614877,AR,developmental delay concern; feeding / swallowing concern; gait / coordination concern; gastrointestinal concern; growth / weight concern; language / cognitive concern; vision / ocular tracking concern
D0325,HSD17B4,Perrault syndrome 1,OMIM:233400,AR,developmental delay concern; gait / coordination concern; growth / weight concern; hearing concern; language / cognitive concern; vision / ocular tracking concern
D0453,PAH,Phenylketonuria,OMIM:261600,AR,developmental delay concern; language / cognitive concern; recurrent / unusual infection concern; renal / urinary concern; seizure-like event concern; skin concern; social interaction / behavioral concern
D0498,POU1F1,"Pituitary hormone deficiency, combined or isolated, 1",OMIM:613038,AR,developmental delay concern; feeding / swallowing concern; gastrointestinal concern; growth / weight concern; language / cognitive concern; skin concern
D0373,LHX3,"Pituitary hormone deficiency, combined, 3",OMIM:221750,AR,developmental delay concern; growth / weight concern; hearing concern; language / cognitive concern
D0310,HESX1,"Pituitary hormone deficiency, combined, 5",OMIM:182230,AR,developmental delay concern; growth / weight concern; musculoskeletal concern
D0056,ARPC1B,Platelet abnormalities with eosinophilia and immune-mediated inflammatory disease,OMIM:617718,AR,gastrointestinal concern; growth / weight concern; hematologic / bleeding concern; recurrent / unusual infection concern; respiratory concern; skin concern
D0491,PMM2,Polycystic kidney disease with hyperinsulinemic hypoglycemia,OMIM:212065,AR,developmental delay concern; feeding / swallowing concern; gait / coordination concern; gastrointestinal concern; growth / weight concern; language / cognitive concern; motor weakness concern; musculoskeletal concern; recurrent / unusual infection concern; renal / urinary concern; respiratory / cardiopulmonary concern; seizure-like event concern; skin concern; vision / ocular tracking concern
D0500,PPOX,"Porphyria variegata, childhood-onset",OMIM:620483,AR,developmental delay concern; language / cognitive concern; musculoskeletal concern; recurrent / unusual infection concern; seizure-like event concern; skin concern; vision / ocular tracking concern
D0653,UROD,"Porphyria, hepatoerythropoietic",OMIM:176100,AR,gastrointestinal concern; renal / urinary concern; skin concern
D0573,SLC22A5,Primary systemic carnitine deficiency,OMIM:212140,AR,developmental delay concern; gastrointestinal concern; growth / weight concern; language / cognitive concern; motor weakness concern; renal / urinary concern; respiratory / cardiopulmonary concern; respiratory concern
D0124,CFP,"Properdin deficiency, X-linked",OMIM:312060,XLR,recurrent / unusual infection concern
D0458,PCCA,Propionic acidemia 1,OMIM:606054,AR,developmental delay concern; feeding / swallowing concern; gastrointestinal concern; growth / weight concern; hematologic / bleeding concern; recurrent / unusual infection concern; renal / urinary concern; respiratory / cardiopulmonary concern; respiratory concern; seizure-like event concern; skin concern
D0459,PCCB,Propionic acidemia 2,OMIM:606054,AR,developmental delay concern; feeding / swallowing concern; gastrointestinal concern; growth / weight concern; hematologic / bleeding concern; recurrent / unusual infection concern; renal / urinary concern; respiratory / cardiopulmonary concern; respiratory concern; seizure-like event concern; skin concern
D0247,FECH,"Protoporphyria, erythropoietic, 1",OMIM:177000,AR,gastrointestinal concern; hematologic / bleeding concern; recurrent / unusual infection concern; skin concern
D0033,ALAS2,"Protoporphyria, erythropoietic, X-linked",OMIM:300752,XLD,gastrointestinal concern; hematologic / bleeding concern; skin concern
D0440,NR3C2,"Pseudohypoaldosteronism type I, autosomal dominant",OMIM:177735,AD,feeding / swallowing concern; gastrointestinal concern; growth / weight concern
D0553,SCNN1A,Pseudohypoaldosteronism Type IB1,OMIM:264350,AR,feeding / swallowing concern; gastrointestinal concern; growth / weight concern; recurrent / unusual infection concern; renal / urinary concern; respiratory concern
D0557,SCNN1G,Pseudohypoaldosteronism Type IB3,OMIM:620126,AR,gastrointestinal concern
D0507,PSTPIP1,PSTPIP1 associated inflammatory disease,OMIM:604416,AD,fatigability / low stamina concern; gastrointestinal concern; musculoskeletal concern; recurrent / unusual infection concern; renal / urinary concern; skin concern; systemic red flag concern
D0507,PSTPIP1,PSTPIP1 associated inflammatory disease,OMIM:601979,AD,fatigability / low stamina concern; gastrointestinal concern; musculoskeletal concern; recurrent / unusual infection concern; renal / urinary concern; skin concern; systemic red flag concern
D0493,PNPO,Pyridoxamine 5-prime-phosphate oxidase deficiency,OMIM:610090,AR,developmental delay concern; feeding / swallowing concern; gait / coordination concern; gastrointestinal concern; growth / weight concern; hematologic / bleeding concern; seizure-like event concern; vision / ocular tracking concern
D0036,ALDH7A1,Pyridoxine-dependent epilepsy,OMIM:266100,AR,developmental delay concern; language / cognitive concern; respiratory concern; seizure-like event concern; vision / ocular tracking concern
D0456,PC,Pyruvate carboxylase deficiency,OMIM:266150,AR,feeding / swallowing concern; gastrointestinal concern; growth / weight concern; musculoskeletal concern; respiratory concern; skin concern
D0488,PKLR,Pyruvate kinase deficiency,OMIM:266200,AR,gastrointestinal concern; growth / weight concern; hematologic / bleeding concern; skin concern
D0053,AQP2,"Recessive diabetes insipidus, nephrogenic, 2",OMIM:125800,AR,renal / urinary concern; growth / weight concern; gastrointestinal concern; seizure-like event concern; growth / weight concern; social interaction / behavioral concern; systemic red flag concern; feeding / swallowing concern; gastrointestinal concern; developmental delay concern; language / cognitive concern
D0633,THRA,"Resistance to thyroid hormone alpha (OMIM: Hypothyroidism, congenital, nongoitrous, 6)",OMIM:614450,AD,gait / coordination concern; gastrointestinal concern; growth / weight concern; hematologic / bleeding concern; musculoskeletal concern; skin concern
D0031,AK2,Reticular Dysgenesis,OMIM:267500,AR,recurrent / unusual infection concern
D0011,ACBD5,Retinal dystrophy with leukodystrophy,OMIM:618863,AR,developmental delay concern; gait / coordination concern; language / cognitive concern; motor weakness concern; vision / ocular tracking concern
D0526,RPE65,Retinitis pigmentosa 20,OMIM:613794,AR,vision / ocular tracking concern
D0527,RPE65,Retinitis pigmentosa 87 with choroidal involvement,OMIM:618697,AD,vision / ocular tracking concern
D0518,RB1,Retinoblastoma,OMIM:180200,AD,hematologic / bleeding concern
D0256,FOXG1,"Rett syndrome, congenital variant",OMIM:613454,AD,developmental delay concern; developmental regression concern; feeding / swallowing concern; gastrointestinal concern; language / cognitive concern; respiratory concern; seizure-like event concern; social interaction / behavioral concern
D0480,PEX5,"Rhizomelic chondrodysplasia punctata, type 5",OMIM:616716,AR,developmental delay concern; gait / coordination concern; growth / weight concern; language / cognitive concern; motor weakness concern; musculoskeletal concern; recurrent / unusual infection concern; respiratory concern; seizure-like event concern; vision / ocular tracking concern
D0174,CYP2R1,Rickets due to defect in vitamin D 25-hydroxylation deficiency,OMIM:600081,AR,gait / coordination concern; growth / weight concern; motor weakness concern; musculoskeletal concern
D0657,VDR,"Rickets, vitamin D-resistant, type IIA",OMIM:277440,AR,developmental delay concern; gait / coordination concern; gastrointestinal concern; growth / weight concern; hearing concern; motor weakness concern; musculoskeletal concern; seizure-like event concern; skin concern
D0524,RNPC3,RNPC3 associated growth hormone deficiency,OMIM:618160,AR,growth / weight concern; musculoskeletal concern
D0525,RPE65,"RPE65 associated Leber congenital amaurosis, early-onset severe retinal dystrophy",OMIM:204100,AR,developmental delay concern; language / cognitive concern; social interaction / behavioral concern; vision / ocular tracking concern
D0159,CREBBP,Rubinstein-Taybi syndrome 1,OMIM:180849,AD,developmental delay concern; feeding / swallowing concern; gait / coordination concern; gastrointestinal concern; growth / weight concern; hearing concern; language / cognitive concern; musculoskeletal concern; recurrent / unusual infection concern; renal / urinary concern; respiratory / cardiopulmonary concern; respiratory concern; seizure-like event concern; skin concern; social interaction / behavioral concern; vision / ocular tracking concern
D0561,SETBP1,Schinzel-Giedion midface retraction syndrome,OMIM:269150,AD,developmental delay concern; gastrointestinal concern; growth / weight concern; language / cognitive concern; musculoskeletal concern; renal / urinary concern; respiratory / cardiopulmonary concern; respiratory concern; seizure-like event concern; skin concern
D0452,PACS1,Schuurs-Hoeijmakers syndrome,OMIM:615009,AD,developmental delay concern; feeding / swallowing concern; gastrointestinal concern; language / cognitive concern; respiratory / cardiopulmonary concern; seizure-like event concern; skin concern; social interaction / behavioral concern; vision / ocular tracking concern
D0019,ADA,SCID due to ADA deficiency,OMIM:102700,AR,developmental delay concern; gastrointestinal concern; growth / weight concern; hematologic / bleeding concern; musculoskeletal concern; recurrent / unusual infection concern; renal / urinary concern; respiratory concern; skin concern; systemic red flag concern
D0343,IL2RG,SCID X-Linked,OMIM:300400,XLR,gastrointestinal concern; growth / weight concern; recurrent / unusual infection concern; respiratory concern; skin concern
D0552,SCN8A,"Seizures, benign familial infantile, 5",OMIM:617080,AD,seizure-like event concern
D0429,NHEJ1,"Severe combined immunodeficiency with microcephaly, growth retardation, and sensitivity to ionizing radiation",OMIM:611291,AR,gastrointestinal concern; growth / weight concern; hematologic / bleeding concern; musculoskeletal concern; recurrent / unusual infection concern; respiratory concern; skin concern; systemic red flag concern
D0514,RAG1,"Severe combined immunodeficiency, B cell-negative",OMIM:601457,AR,gastrointestinal concern; growth / weight concern; recurrent / unusual infection concern; respiratory concern
D0515,RAG2,"Severe combined immunodeficiency, B cell-negative",OMIM:601457,AR,gastrointestinal concern; growth / weight concern; recurrent / unusual infection concern; respiratory concern
D0546,SBDS,Shwachman-Diamond syndrome 1,OMIM:260400,AR,developmental delay concern; gastrointestinal concern; growth / weight concern; hematologic / bleeding concern; language / cognitive concern; musculoskeletal concern; recurrent / unusual infection concern; renal / urinary concern; respiratory / cardiopulmonary concern; respiratory concern
D0221,EFL1,Shwachman-Diamond syndrome 2,OMIM:617941,AR,developmental delay concern; gastrointestinal concern; growth / weight concern; hematologic / bleeding concern; musculoskeletal concern; recurrent / unusual infection concern; respiratory concern
D0306,HBB,Sickle Cell Disease,OMIM:603903,AR,gastrointestinal concern; hematologic / bleeding concern; musculoskeletal concern; recurrent / unusual infection concern; renal / urinary concern; respiratory / cardiopulmonary concern; respiratory concern; skin concern
D0588,SLC39A7,SLC39A7 associated agammaglobulinemia,OMIM:619693,AR,growth / weight concern; hearing concern; recurrent / unusual infection concern; skin concern
D0183,DHCR7,Smith-Lemli-Opitz syndrome,OMIM:270400,AR,developmental delay concern; feeding / swallowing concern; gastrointestinal concern; growth / weight concern; hearing concern; language / cognitive concern; musculoskeletal concern; recurrent / unusual infection concern; renal / urinary concern; respiratory / cardiopulmonary concern; respiratory concern; seizure-like event concern; skin concern; social interaction / behavioral concern; vision / ocular tracking concern
D0129,CHD3,Snijders Blok-Campeau syndrome,OMIM:618205,AD,developmental delay concern; feeding / swallowing concern; gait / coordination concern; gastrointestinal concern; language / cognitive concern; musculoskeletal concern; respiratory / cardiopulmonary concern; seizure-like event concern; social interaction / behavioral concern; vision / ocular tracking concern
D0116,CEBPE,Specific granule deficiency 1,OMIM:245480,AR,recurrent / unusual infection concern; respiratory concern
D0602,SMARCD2,Specific granule deficiency 2,OMIM:617475,AR,developmental delay concern; gastrointestinal concern; growth / weight concern; hematologic / bleeding concern; musculoskeletal concern; recurrent / unusual infection concern; respiratory concern; skin concern
D0608,SRP54,SRP54 associated Shwachman-Diamond syndrome,OMIM:618752,AD,developmental delay concern; feeding / swallowing concern; gastrointestinal concern; growth / weight concern; recurrent / unusual infection concern; social interaction / behavioral concern
D0613,STK4,"STK4 associated T-cell immunodeficiency, recurrent infections, autoimmunity, and cardiac malformations",OMIM:614868,AR,hematologic / bleeding concern; recurrent / unusual infection concern; respiratory / cardiopulmonary concern; respiratory concern; skin concern; systemic red flag concern
D0035,ALDH5A1,Succinic semialdehyde dehydrogenase deficiency,OMIM:271980,AR,developmental delay concern; gait / coordination concern; language / cognitive concern; renal / urinary concern; seizure-like event concern; social interaction / behavioral concern; vision / ocular tracking concern
D0451,OXCT1,Succinyl-CoA:3-ketoacid CoA transferase (SCOT) deficiency,OMIM:245050,AR,gastrointestinal concern; renal / urinary concern; respiratory concern
D0258,FOXN1,"T-cell immunodeficiency, congenital alopecia, and nail dystrophy",OMIM:601705,AR,recurrent / unusual infection concern; skin concern
D0434,NKX2-5,Tetralogy of Fallot,OMIM:187500,AD,developmental delay concern; growth / weight concern; language / cognitive concern; musculoskeletal concern; renal / urinary concern; respiratory / cardiopulmonary concern; respiratory concern; skin concern
D0572,SLC19A3,Thiamine metabolism dysfunction syndrome 2 (biotin- or thiamine-responsive encephalopathy type 2),OMIM:607483,AR,developmental delay concern; developmental regression concern; feeding / swallowing concern; gait / coordination concern; gastrointestinal concern; language / cognitive concern; motor weakness concern; seizure-like event concern; systemic red flag concern; vision / ocular tracking concern
D0637,TPK1,Thiamine metabolism dysfunction syndrome 5,OMIM:614458,AR,developmental delay concern; developmental regression concern; gait / coordination concern; language / cognitive concern; renal / urinary concern; respiratory / cardiopulmonary concern; seizure-like event concern; vision / ocular tracking concern
D0571,SLC19A2,Thiamine Repsonsive Megaloblastic Anaemia Syndrome,OMIM:249270,AR,developmental delay concern; gait / coordination concern; gastrointestinal concern; growth / weight concern; hearing concern; hematologic / bleeding concern; renal / urinary concern; respiratory / cardiopulmonary concern; seizure-like event concern; skin concern; vision / ocular tracking concern
D0237,F2,Thrombophilia 1 due to thrombin defect,OMIM:188050,AD,respiratory concern
D0595,SLC5A5,Thyroid dyshormonigenesis 1,OMIM:274400,AR,developmental delay concern; gastrointestinal concern; growth / weight concern; language / cognitive concern; skin concern
D0638,TPO,Thyroid dyshormonogenesis 2A,OMIM:274500,AR,feeding / swallowing concern; gastrointestinal concern; developmental delay concern; motor weakness concern
D0631,TG,Thyroid dyshormonogenesis 3,OMIM:274700,AR,developmental delay concern; language / cognitive concern
D0354,IYD,Thyroid dyshormonogenesis 4,OMIM:274800,AR,developmental delay concern; growth / weight concern; language / cognitive concern
D0212,DUOXA2,Thyroid dyshormonogenesis 5,OMIM:274900,AR,developmental delay concern; growth / weight concern; language / cognitive concern
D0634,THRB,Thyroid hormone resistance,OMIM:274300,AR,language / cognitive concern; developmental delay concern
D0634,THRB,Thyroid hormone resistance,OMIM:188570,AR,language / cognitive concern; developmental delay concern
D0634,THRB,Thyroid hormone resistance,OMIM:145650,AR,language / cognitive concern; developmental delay concern
D0215,EDA,"Tooth agenesis, selective, X-linked 1",OMIM:313500,XLD,respiratory concern
D0628,TCN2,Transcobalamin II deficiency,OMIM:275350,AR,developmental delay concern; gait / coordination concern; gastrointestinal concern; growth / weight concern; hematologic / bleeding concern; language / cognitive concern; motor weakness concern; recurrent / unusual infection concern; renal / urinary concern
D0648,SKIC3,Trichohepatoenteric syndrome 1,OMIM:222470,AR,developmental delay concern; gastrointestinal concern; growth / weight concern; language / cognitive concern; musculoskeletal concern; recurrent / unusual infection concern; renal / urinary concern; respiratory / cardiopulmonary concern; skin concern
D0566,SKIC2,Trichohepatoenteric syndrome 2,OMIM:614602,AR,gastrointestinal concern; growth / weight concern; recurrent / unusual infection concern; skin concern
D0304,HADHB,Trifunctional protein deficiency,OMIM:620300,AR,developmental delay concern; hematologic / bleeding concern; musculoskeletal concern; renal / urinary concern; respiratory / cardiopulmonary concern; seizure-like event concern
D0642,TRIM28,TRIM28 related Wilms tumor,OMIM:621332,AD,renal / urinary concern
D0636,TNFRSF1A,Tumor necrosis factor receptor associated periodic fever syndrome,OMIM:142680,AD,gastrointestinal concern; hematologic / bleeding concern; musculoskeletal concern; recurrent / unusual infection concern; respiratory concern; skin concern; systemic red flag concern
D0269,GALNT3,"Tumoral calcinosis, hyperphosphatemic, familial, 1",OMIM:211900,AR,renal / urinary concern
D0251,FGF23,"Tumoral calcinosis, hyperphosphatemic, familial, 2",OMIM:617993,AR,musculoskeletal concern; renal / urinary concern; skin concern
D0243,FAH,"Tyrosinemia, type I",OMIM:276700,AR,gastrointestinal concern; growth / weight concern; hematologic / bleeding concern; musculoskeletal concern; renal / urinary concern; respiratory / cardiopulmonary concern; systemic red flag concern
D0623,TAT,"Tyrosinemia, type II",OMIM:276600,AR,developmental delay concern; growth / weight concern; language / cognitive concern; renal / urinary concern; skin concern
D0321,HPD,"Tyrosinemia, type III",OMIM:276710,AR,developmental delay concern; language / cognitive concern; renal / urinary concern; seizure-like event concern
D0020,ADA2,"Vasculitis, autoinflammation, immunodeficiency, and hematologic defects syndrome",OMIM:615688,AR,feeding / swallowing concern; gait / coordination concern; gastrointestinal concern; hematologic / bleeding concern; language / cognitive concern; musculoskeletal concern; recurrent / unusual infection concern; renal / urinary concern; respiratory / cardiopulmonary concern; respiratory concern; skin concern; systemic red flag concern; vision / ocular tracking concern
D0435,NKX2-5,Ventricular septal defect 3,OMIM:614432,AD,developmental delay concern; growth / weight concern; language / cognitive concern; musculoskeletal concern; renal / urinary concern; respiratory / cardiopulmonary concern; respiratory concern; skin concern
D0092,CASQ2,"Ventricular tachycardia, catecholaminergic polymorphic, 2",OMIM:611938,AR,respiratory / cardiopulmonary concern; seizure-like event concern
D0629,TECRL,"Ventricular tachycardia, catecholaminergic polymorphic, 3",OMIM:614021,AR,respiratory / cardiopulmonary concern
D0489,PLPBP,Vitamin B6-dependent epilepsy,OMIM:617290,AR,developmental delay concern; language / cognitive concern; respiratory concern; seizure-like event concern; vision / ocular tracking concern
D0173,CYP27B1,"Vitamin D-dependent rickets, type I",OMIM:264700,AR,developmental delay concern; gait / coordination concern; gastrointestinal concern; growth / weight concern; motor weakness concern; musculoskeletal concern; renal / urinary concern; seizure-like event concern; skin concern
D0009,ACADVL,VLCAD deficiency,OMIM:201475,AR,gastrointestinal concern; motor weakness concern; musculoskeletal concern; recurrent / unusual infection concern; renal / urinary concern; respiratory / cardiopulmonary concern; respiratory concern; seizure-like event concern
D0180,DEAF1,Vulto-van Silfout-de Vries syndrome,OMIM:615828,AD,developmental delay concern; developmental regression concern; gait / coordination concern; language / cognitive concern; musculoskeletal concern; recurrent / unusual infection concern; skin concern; social interaction / behavioral concern
D0519,REST,Wilms tumour predisposition,OMIM:616806,AD,renal / urinary concern
D0660,WT1,Wilms Tumour type 1,OMIM:194070,AD,renal / urinary concern
D0066,ATP7B,Wilson disease,OMIM:277900,AR,feeding / swallowing concern; gait / coordination concern; gastrointestinal concern; hematologic / bleeding concern; language / cognitive concern; motor weakness concern; musculoskeletal concern; recurrent / unusual infection concern; renal / urinary concern; seizure-like event concern; skin concern; social interaction / behavioral concern
D0658,WAS,Wiskott Aldrich syndrome,OMIM:301000,XLR,gastrointestinal concern; hematologic / bleeding concern; recurrent / unusual infection concern; renal / urinary concern; respiratory concern; skin concern
D0378,LIPA,Wolman disease,OMIM:620151,AR,gastrointestinal concern; growth / weight concern; systemic red flag concern
D0663,XPA,"Xeroderma pigmentosum, group A",OMIM:278700,AR,developmental delay concern; gait / coordination concern; hearing concern; language / cognitive concern; recurrent / unusual infection concern; skin concern
D0227,ERCC3,"Xeroderma pigmentosum, group B",OMIM:610651,AR,developmental delay concern; gait / coordination concern; growth / weight concern; hearing concern; language / cognitive concern; skin concern
D0664,XPC,"Xeroderma pigmentosum, group C",OMIM:278720,AR,recurrent / unusual infection concern; skin concern; social interaction / behavioral concern; vision / ocular tracking concern
D0226,ERCC2,"Xeroderma pigmentosum, group D",OMIM:278730,AR,developmental delay concern; gait / coordination concern; hearing concern; language / cognitive concern; recurrent / unusual infection concern; skin concern; social interaction / behavioral concern; vision / ocular tracking concern
D0177,DDB2,"Xeroderma pigmentosum, group E, DDB-negative subtype",OMIM:278740,AR,recurrent / unusual infection concern; skin concern; social interaction / behavioral concern; vision / ocular tracking concern
D0228,ERCC4,"Xeroderma pigmentosum, group F",OMIM:278760,AR,developmental delay concern; gait / coordination concern; growth / weight concern; hearing concern; language / cognitive concern; musculoskeletal concern; skin concern; vision / ocular tracking concern
D0229,ERCC5,"Xeroderma pigmentosum, group G",OMIM:278780,AR,developmental delay concern; gait / coordination concern; growth / weight concern; seizure-like event concern; skin concern
D0495,POLH,"Xeroderma pigmentosum, variant type",OMIM:278750,AR,growth / weight concern; recurrent / unusual infection concern; skin concern; social interaction / behavioral concern; vision / ocular tracking concern
D0029,AHDC1,Xia-Gibbs syndrome,OMIM:615829,AD,developmental delay concern; developmental regression concern; feeding / swallowing concern; gait / coordination concern; gastrointestinal concern; growth / weight concern; hearing concern; language / cognitive concern; motor weakness concern; musculoskeletal concern; recurrent / unusual infection concern; respiratory / cardiopulmonary concern; respiratory concern; seizure-like event concern; skin concern; social interaction / behavioral concern; vision / ocular tracking concern
D0079,BTK,X-linked agammaglobulinemia,OMIM:300755,XLR,developmental delay concern; gastrointestinal concern; hearing concern; hematologic / bleeding concern; language / cognitive concern; recurrent / unusual infection concern; renal / urinary concern; respiratory / cardiopulmonary concern; respiratory concern; skin concern
D0109,CD40LG,X-linked immunodeficiency with hyper-IgM type 1,OMIM:308230,XLR,developmental delay concern; developmental regression concern; gastrointestinal concern; growth / weight concern; hematologic / bleeding concern; recurrent / unusual infection concern; respiratory concern; skin concern
D0386,MAGT1,"X-linked Immunodeficiency with magnesium defect, Epstein-Barr virus infection and neoplasia",OMIM:300853,XLR,gastrointestinal concern; recurrent / unusual infection concern; respiratory concern
D0260,FOXP3,"X-linked immunodysregulation, polyendocrinopathy, and enteropathy, X-linked",OMIM:304790,XLR,developmental delay concern; gastrointestinal concern; growth / weight concern; hematologic / bleeding concern; recurrent / unusual infection concern; renal / urinary concern; seizure-like event concern; skin concern
D0564,SH2D1A,X-linked lymphoproliferative syndrome 1,OMIM:308240,XLR,gastrointestinal concern; recurrent / unusual infection concern; respiratory concern; systemic red flag concern
D0662,XIAP,X-linked lymphoproliferative syndrome 2,OMIM:300635,XLR,gastrointestinal concern; recurrent / unusual infection concern; respiratory concern; skin concern; systemic red flag concern
